editedname,num_variations,variation_1,variation_2,variation_3,variation_4,variation_5,variation_6,variation_7,variation_8
NON-PROFIT HOUSING ASSOCIATION OF NORTHERN CALIFORNIA (NPH),11,NON PROFIT HOUSING ASSOCIATION OF NORTHERN CALIFORNIA,NON- PROFIT HOUSING ASSOCIATION OF NORTHERN CALIFORNIA,NON-PROFIT HOUSING ASSOCIATION,NONPROFIT HOUSING ASSOCIATION OF NORTH AMERICA,NON-PROFIT HOUSING ASSOCIATION OF NORTHERN CA,NONPROFIT HOUSING ASSOCIATION OF NORTHERN CALIFORNIA,NON-PROFIT HOUSING ASSOCIATION OF NORTHERN CALIFORNIA,NON-PROFIT HOUSING ASSOCIATION OF NORTHERN CALIFORNIA (NPH)
ACCE,9,ACCE,ACCE ACTION,ALLIANCE OF CALIFORNIANS FOR COMMUNITY EMPOWERMENT,ALLIANCE OF CALIFORNIANS FOR COMMUNITY EMPOWERMENT (ACCE ACTION),ALLIANCE OF CALIFORNIANS FOR COMMUNITY EMPOWERMENT (ACCE),ALLIANCE OF CALIFORNIANS FOR COMMUNITY EMPOWERMENT (ACCE) ACTION,ALLIANCE OF CALIFORNIANS FOR COMMUNITY EMPOWERMENT (LOS ANGELES),ALLIANCE OF CALIFORNIANS FOR COMMUNITY EMPOWERMENT ACTION
AFSCME,9,AFSCME,"AFSCME, AFL-CIO","AMERICAN FEDERATION OF STATE, COUNTY AND MUNICIPAL EMPLOYEES","AMERICAN FEDERATION OF STATE, COUNTY AND MUNICIPAL EMPLOYEES (AFSCME)","AMERICAN FEDERATION OF STATE, COUNTY AND MUNICIPAL EMPLOYEES (AFSCME), AFL-CIO","AMERICAN FEDERATION OF STATE, COUNTY AND MUNICIPAL EMPLOYEES, AFL-CIO","AMERICAN FEDERATION OF STATE, COUNTY AND MUNICIPAL EMPLOYEES...","AMERICAN FEDERATION OF STATE, COUNTY, AND MUNICIPAL EMPLOYEES"
CALIFORNIA RURAL LEGAL ASSISTANCE FOUNDATION,9,CALIFORNIA RURAL LEAGUE ASSISTANCE FOUNDATION,CALIFORNIA RURAL LEGAL ASSI...,CALIFORNIA RURAL LEGAL ASSISTANCE,CALIFORNIA RURAL LEGAL ASSISTANCE FOUNDATION,"CALIFORNIA RURAL LEGAL ASSISTANCE FOUNDATION, INC.",CLAIFORNIA RURAL LEGAL ASSISTANCE FOUNDATION,,
NATIONAL ASSOCIATION OF SOCIAL WORKERS - CALIFORNIA CHAPTER,9,NATIONAL ASSOCIATION OF SOCIAL WORKERS,NATIONAL ASSOCIATION OF SOCIAL WORKERS - CALIFORNIA CHAPTER,NATIONAL ASSOCIATION OF SOCIAL WORKERS â€” CALIFORNIA CHAPTER NATIONAL COALITION FOR THE HOMELESS,NATIONAL ASSOCIATION OF SOCIAL WORKERS- CALIFORNIA CHAPTER (NASW-CA),"NATIONAL ASSOCIATION OF SOCIAL WORKERS, CA CHAP.","NATIONAL ASSOCIATION OF SOCIAL WORKERS, CALIFORNIA","NATIONAL ASSOCIATION OF SOCIAL WORKERS, CALIFORNIA (NASW-CA)","NATIONAL ASSOCIATION OF SOCIAL WORKERS, CALIFORNIA CHAPTER"
ACLU CALIFORNIA,8,ACLU,ACLU CALIFORNIA,ACLU CALIFORNIA ACTION,AMERICAN CIVIL LIBERTIES OF CALIFORNIA,AMERICAN CIVIL LIBERTIES UNION,AMERICAN CIVIL LIBERTIES UNION CALIFORNIA ACTION,AMERICAN CIVIL LIBERTIES UNION OF CALIFORNIA,AMERICAN CIVIL LIBERTIES UNION OF CALIFORNIA (ACLU-CA)
VIETNAM VETERANS OF AMERICA - CALIFORNIA STATE COUNCIL,8,VIETNAM VETERANS ASSOCIATION OF AMERICA - CALIFORNIA STATE COUNCIL,VIETNAM VETERANS OF AMERICA - CALIFORNIA STATE COUNCIL,VIETNAM VETERANS OF AMERICA - CALIFORNIA STATE COUNCIL WESTERN CENTER ON LAW AND POVERTY,VIETNAM VETERANS OF AMERICA â€” CALIFORNIA STATE COUNCIL,"VIETNAM VETERANS OF AMERICA, CALIFORNIA STATE COUNCIL",VIETNAM VETERANS OF AMERICAN - CALIFORNIA STATE COUNCIL,VIETNAM VETERANS OF CALIFORNIA,"VIETNAM VETERANS OF CALIFORNIA, INC."
AMERICAN PLANNING ASSOCIATION,7,AMERICAN PLANNING ASSOCIATION,AMERICAN PLANNING ASSOCIATION - CALIFORNIA CHAPTER,AMERICAN PLANNING ASSOCIATION (APA),AMERICAN PLANNING ASSOCIATION CALIFORNIA CHAPTER,"AMERICAN PLANNING ASSOCIATION, CALIFORNIA CHAPTER",AMERICAN PLANNING ASSOCIATION-CALIFORNIA CHAPTER,,
CALIFORNIA HAWAII STATE CONFERENCE OF THE NAACP,7,CALIFORNIA HAWAII STATE CONFERENCE OF NAACP,CALIFORNIA HAWAII STATE CONFERENCE OF THE NAACP,CALIFORNIA HAWAII STATE NAACP,CALIFORNIA NAACP,CALIFORNIA STATE CONFERENCE OF THE NATIONAL ASSOCIATION FOR THE ADVANCEMENT OF COLORED PEOPLE,CALIFORNIA-HAWAII STATE CONFERENCE OF THE NAACP,NAACP,
"CALIFORNIA STATE COUNCIL, SEIU",7,CALIFORNIA STATE COUNCIL OF SERVICE EMPLOYEES,CALIFORNIA STATE COUNCIL OF SERVICE EMPLOYEES INTERNATIONAL UNION (SEIU CALIFORNIA),CALIFORNIA STATE COUNCIL OF SERVICE EMPLOYEES INTERNATIONAL UNION (SEIU),CALIFORNIA STATE COUNCIL OF THE SERVICE EMPLOYEES INTERNATIONAL UNION,"CALIFORNIA STATE COUNCIL, SEIU",SEIU,SEIU CALIFORNIA,
BURBANK HOUSING DEVELOPMENT CORPORATION,6,BURBANK HOUSING,BURBANK HOUSING CORPORATION,BURBANK HOUSING DEVELOPMENT,BURBANK HOUSING DEVELOPMENT CORPORATION,BURBANK HOUSING DEVELOPMENT CORPORATION (UNREG),BURBANK HOUSING DEVELOPMENT CORPORATION CENTER,,
CALIFORNIA HOUSING PARTNERSHIP,6,CALIFORNIA HOUSING PARTNERS...,CALIFORNIA HOUSING PARTNERSHIP,CALIFORNIA HOUSING PARTNERSHIP COALITION,CALIFORNIA HOUSING PARTNERSHIP CORPORATION,"CALIFORNIA HOUSING PARTNERSHIP CORPORATION (LOS ANGELES, SAN DIEGO)",CALIFORNIA HOUSING PARTNERSHIPS CORPORATION,,
GOLDEN STATE MANUFACTURED-HOME OWNERS LEAGUE,6,GOLDEN STATE MANUFACTURED HOME OWNERS LEAGUE,GOLDEN STATE MANUFACTURED HOMEOWNERS LEAGUE,GOLDEN STATE MANUFACTURED-HOME OWNERS LEAGUE,"GOLDEN STATE MANUFACTURED-HOME OWNERS LEAGUE, INC.","GOLDEN STATE MANUFACTURED-HOME OWNERS LEAGUE, INC. (GSMOL)",GOLDEN STATE MANUFACTURERS HOME OWNERS LEAGUE,,
MARIN COUNTY COUNCIL OF MAYORS AND COUNCILMEMBERS,6,MARIN COUNTY COUNCIL OF MAYORS & COUNCILMEMBERS,MARIN COUNTY COUNCIL OF MAYORS AND COUNCIL,MARIN COUNTY COUNCIL OF MAYORS AND COUNCIL MEMBERS,MARIN COUNTY COUNCIL OF MAYORS AND COUNCILMEMBERS,MARIN COUNTY COUNCIL OF MAYORS AND COUNCILMEMBERS - MCCC,,,
ABODE COMMUNITIES,5,ABODE COMMUNITIES,ABODE COMMUNITIESAFFIRMED,ABODECOMMUNITIES (LOSANGELES),ADOBE COMMUNITIES,ADOBE COMMUNITY,,,
AMERICAN COUNCIL OF ENGINEERING COMPANIES - CALIFORNIA,5,AMERICAN COUNCIL OF ENGINEERING COMPANIES,AMERICAN COUNCIL OF ENGINEERING COMPANIES - CALIFORNIA CHAPTER,AMERICAN COUNCIL OF ENGINEERING COMPANIES - CALIFORNIA,AMERICAN COUNCIL OF ENGINEERING COMPANIES CALIFORNIA,"AMERICAN COUNCIL OF ENGINEERING COMPANIES, CALIFORNIA",,,
AMERICAN LEGION - DEPARTMENT OF CALIFORNIA,5,AMERICAN LEGION - DEPARTMENT OF CALIFORNIA,AMERICAN LEGION â€” DEPARTMENT OF CALIFORNIA,AMERICAN LEGION DEPARTMENT OF CALIFORNIA,"AMERICAN LEGION, DEPARTMENT OF CALIFORNIA",AMERICAN LEGION-DEPARTMENT OF CALIFORNIA,,,
CALIFORNIA STATE TREASURER,5,CALIFORNIA STATE TREASURER,CALIFORNIA STATE TREASURER FIONA MA,CALIFORNIA STATE TREASURER JOHN CHIANG,"CALIFORNIA STATE TREASURER, FIONA MA","CALIFORNIA STATE TREASURER, JOHN CHIANG",,,
CENTRAL COAST ALLIANCE UNITED FOR A SUSTAINABLE ECONOMY,5,CAUSE,CENTER COAST ALLIANCE UNITED FOR A SUSTAINABLE ECONOMY,CENTRAL COAST ALLIANCE UNITED FOR A SUSTAINABLE ECONOMY,CENTRAL COAST ALLIANCE UNITED FOR A SUSTAINABLE ECONOMY (CAUSE),CENTRAL COAST ALLIANCE UNITED FOR SUSTAINABLE ECONOMY,,,
COALITION FOR ECONOMIC SURVIVAL,5,COALITION FOR ECONOMIC SURVIVAL,COALITION FOR ECONOMIC SURVIVAL (CES),COALITION FOR ECONOMIC SURVIVAL (LOS ANGELES),COALITION OF ECONOMIC SURVIVAL,,,,
COUNCIL OF COMMUNITY HOUSING ORGANIZATIONS,5,COUNCIL FOR COMMUNITY HOUSING ORGANIZATIONS,COUNCIL OF COMMUNITY HOUSING ORGANIZATIONS,"COUNCIL OF COMMUNITY HOUSING ORGANIZATIONS, SAN FRANCISCO",SAN FRANCISCO COUNCIL OF COMMUNITY HOUSING ORGANIZATIONS,SF COUNCIL OF COMMUNITY HOUSING ORGANIZATIONS,,,
SILICON VALLEY @ HOME,5,SILICON VALLEY @ HOME,SILICON VALLEY AT HOME,SILICON VALLEY AT HOME (SV@HOME),SV@HOME,SV@HOME ACTION FUND,,,
TERNER CENTER FOR HOUSING INNOVATION,5,TERNER CENTER FOR HOUSING INNOVATION,"TERNER CENTER FOR HOUSING INNOVATION AT THE UNIVERSITY OF CALIFORNIA, BERKELEY","TERNER CENTER FOR HOUSING INNOVATION AT THE UNIVERSITY OF CALIFORNIA, BERKELEY URBAN ENVIRONMENTALISTS",TERNER CENTER FOR HOUSING INNOVATION AT UC BERKELEY,"TERNER CENTER FOR HOUSING INNOVATION, UC BERKELEY",,,
ACT-LA,4,ACT-LA,ALLIANCE FOR COMMUNITY TRANSIT,ALLIANCE FOR COMMUNITY TRANSIT - LOS ANGELES,ALLIANCE FOR COMMUNITY TRANSIT - LOS ANGELES (ACT-LA),,,,
APARTMENT ASSOCIATION OF CALIFORNIA SOUTHERN CITIES,4,APARTMENT ASSOCIATION CALIFORNIA SOUTHERN CITIES,APARTMENT ASSOCIATION OF CALIFORNIA SOUTHERN CITIES,"APARTMENT ASSOCIATION, CALIFORNIA SOUTHERN CITIES","APARTMENT ASSOCIATION, SOUTHERN CALIFORNIA CITIES",,,,
ARC AND UNITED CEREBRAL PALSY CALIFORNIA,4,THE ARC AND UNITED CEREBRAL PALSY CALIFORNIA,THE ARC AND UNITED CEREBRAL PALSY CALIFORNIA COLLABORATION,THE ARC AND UNITED CEREBRAL PALSY COLLABORATION,THE ARC AND UNITED CEREBRAL PALSY IN CALIFORNIA,,,,
CALIFORNIA BUILDING INDUSTRY ASSOCIATION,4,CALIFORNIA BUILDING INDUSTRY,CALIFORNIA BUILDING INDUSTRY ASSOCIATION,CALIFORNIA BUSINESS INDUSTRY ASSOCIATION,,,,,
"CALIFORNIA FEDERATION OF TEACHERS, AFL-CIO",4,CALIFORNIA FEDERATION OF TEACHERS,CALIFORNIA FEDERATION OF TEACHERS AFL-CIO,"CALIFORNIA FEDERATION OF TEACHERS, AFL-CIO","CALIFORNIA FEDERATION OF TEACHERS, AFT, AFL-CIO",,,,
CALIFORNIA LEAGUE OF CONSERVATION VOTERS,4,CALIFORNIA ENVIRONMENTAL VOTERS (FORMERLY CLCV),CALIFORNIA LEAGUE OF CONSERVATION VOTERS,CALIFORNIA LEAGUE OF CONSERVATION VOTERS (OPPOSE),CALIFORNIA LEAGUE OF CONVERSATION VOTERS,,,,
CALIFORNIA MOBILEHOME PARKOWNERS' ALLIANCE,4,CALIFORNIA MOBILEHOME PARK ALLIANCE,CALIFORNIA MOBILEHOME PARKOWNER'S ALLIANCE,CALIFORNIA MOBILEHOME PARKOWNERS,CALIFORNIA MOBILEHOME PARKOWNERS ALLIANCE,,,,
CITYLAB - UCLA,4,CITYLAB - UCLA,"CITYLAB - UNIVERSITY OF CALIFORNIA, LOS ANGELES",CITYLAB UCLA,CITYLAB-UCLA,,,,
CORPORATION FOR SUPPORTIVE HOUSING,4,CORPORATION FOR SUPPORTIVE HOUSING,CORPORATION FOR SUPPORTIVE HOUSING (CSH),CORPORATION FOR SUPPORTIVE HOUSING (SAN DIEGO),CORPORATION FOR SUPPORTIVE HOUSING CALIFORNIA,,,,
COUNTY BEHAVIORAL HEALTH DIRECTORS ASSOCIATION,4,COUNTY BEHAVIORAL HEALTH DIRECTOR ASSOCIATION OF CALIFORNIA,COUNTY BEHAVIORAL HEALTH DIRECTORS ASSOCIATION,COUNTY BEHAVIORAL HEALTH DIRECTORS ASSOCIATION OF CA,COUNTY BEHAVIORAL HEALTH DIRECTORS ASSOCIATION OF CALIFORNIA,,,,
COUNTY OF SAN BERNARDINO,4,COUNTY OF SAN BERNARDINO,COUNTY OF SAN BERNARDO,SAN BERNARDINO COUNTY,THE COUNTY OF SAN BERNARDINO,,,,
HIGHRIDGE COSTA HOUSING PARTNERS,4,HIGHRIDGE COSTA HOUSING PARTNERS,"HIGHRIDGE COSTA HOUSING PARTNERS, LLC",HIGHRIDGE COSTA INVESTORS,"HIGHRIDGE COSTA INVESTORS, LLC",,,,
HILLS2000 - FRIENDS OF THE HILLS,4,HILLS 2000 -- FRIENDS OF THE HILLS,HILLS 2000 FRIENDS OF THE HILLS,HILLS 2000- FRIENDS OF THE HILLS,HILLS2000 - FRIENDS OF THE HILLS,,,,
HOUSING NOW!,4,HOUSING NOW,HOUSING NOW!,HOUSING NOW! CA,HOUSING NOW! CALIFORNIA,,,,
JOHN BURTON FOUNDATION,4,JOHN BURTON ADVOCATES FOR YOUTH,JOHN BURTON FOUNDATION,JOHN BURTON FOUNDATION FOR CHILDREN WITHOUT HOMES,JOHN L. BURTON ADVOCATES FOR YOUTH,,,,
LEADERSHIP COUNCIL FOR JUSTICE AND ACCOUNTABILITY,4,LEADERSHIP COUNCIL FOR JUSTICE & ACCOUNTABILITY,LEADERSHIP COUNCIL FOR JUSTICE AND ACCOUNTABILITY,LEADERSHIP COUNSEL FOR JUSTICE & ACCOUNTABILITY,LEADERSHIP COUNSEL FOR JUSTICE AND ACCOUNTABILITY,,,,
LISC BAY AREA,4,LISC BAY AREA,LOCAL INITIATIVES SUPPORT CORPORATION BAYAREA,"LOCAL INITIATIVES SUPPORT CORPORATION, BAY AREA",LOCALINITIATIVES SUPPORTCORPORATIONBAYAREA,,,,
LOS ANGELES COMMUNITY ACTION NETWORK,4,LOS ANGELES COMMUNITY ACTION NETWORK,LOS ANGELES COMMUNITY ACTION NETWORK (LA CAN),LOS ANGELES COMMUNITY ACTION NETWORK (LACAN),LOS ANGELES COMMUNITY COLLEGE DISTRICT,,,,
LOS ANGELES COUNTY BUSINESS FEDERATION,4,LOS ANGELES COUNTY BUSINESS FEDERATION,LOS ANGELES COUNTY BUSINESS FEDERATION (BIZFED),LOS ANGELES COUNTY BUSINESS FEDERATION (BIZ-FED),LOS ANGELES COUNTY BUSINESS FEDERATION -BIZFED,,,,
LOS ANGELES TENANTS UNION,4,LOS ANGELES TENANT UNION,LOS ANGELES TENANTS UNION,LOS ANGELES TENANTS UNION - HOLLYWOOD LOCAL CASE WORKER,LOS ANGELES TENANTS UNION - NETWORKING TEAM,,,,
"MAYOR ED LEE, CITY AND COUNTY OF SAN FRANCISCO",4,"MAYOR ED LEE, CITY AND COUNTY OF SAN FRANCISCO","MAYOR ED LEE, CITY OF SAN FRANCISCO","MAYOR EDWIN LEE, CITY & COUNTY OF SAN FRANCISCO","MAYOR EDWIN M LEE, CITY AND COUNTY OF SAN FRANCISCO",,,,
MENTAL HEALTH AMERICA OF CALIFORNIA,4,MENTAL HEALTH AMERICA,MENTAL HEALTH AMERICA OF CALIFORNIA,MENTAL HEALTH OF AMERICA,MENTAL HEALTH OF AMERICA OF CALIFORNIA,,,,
MID-PENINSULA HOUSING CORPORATION,4,MIDPEN HOUSING,MIDPEN HOUSING (FOSTER CITY),MIDPEN HOUSING CORPORATION,MID-PENINSULA HOUSING CORPORATION,,,,
MILITARY OFFICERS ASSOCIATION - CALIFORNIA COUNCIL OF CHAPTERS,4,MILITARY OFFICERS ASSOCIATION - CALIFORNIA COUNCIL OF CHAPTERS,MILITARY OFFICERS ASSOCIATION OF AMERICA,MILITARY OFFICERS ASSOCIATION OF AMERICA - CALIFORNIA COUNCIL OF CHAPTERS,"MILITARY OFFICERS ASSOCIATION OF AMERICA, CALIFORNIA COUNCIL OF CHAPTERS",,,,
NEW DIRECTIONS,4,NEW DIRECTIONS,NEW DIRECTIONS FOR VETERANS,NEW DIRECTIONS INC. (LOS ANGELES),"NEW DIRECTIONS, INC.",,,,
PEOPLE ORGANIZED FOR WESTSIDE RENEWAL,4,PEOPLE ORGANIZED FOR WESTSIDE RENEWAL,PEOPLE ORGANIZED FOR WESTSIDE RENEWAL - POWER,PEOPLE ORGANIZED FOR WESTSIDE RENEWAL (POWER),PEOPLE ORGANIZED FOR WESTSIDE RENEWAL (SANTA MONICA),,,,
PEOPLE'S SELF HELP HOUSING CORPORATION,4,PEOPLE'S SELF HELP HOUSING CORPORATION,PEOPLES' SELF -HELP HOUSING CORPORATION (SANTA BARBARA),PEOPLES' SELF HELP HOUSING,PEOPLES' SELF-HELP HOUSING,,,,
SIERRA CLUB CALIFORNIA,4,SIERRA CLUB,SIERRA CLUB CALIFORNIA,SIERRA CLUB CALIFORNIA (OPPOSE),SIERRA CLUB OF CALIFORNIA,,,,
"UNITED FOOD AND COMMERCIAL WORKERS, WESTERN STATES COUNCIL",4,UNITED FOOD & COMMERCIAL WORKERS WESTERN STATES COUNCIL,UNITED FOOD AND COMMERCIAL WORKERS - WESTERN STATES CONFERENCE,UNITED FOOD AND COMMERCIAL WORKERS UNION (UFCW) WESTERN STATES COUNCIL,"UNITED FOOD AND COMMERCIAL WORKERS, WESTERN STATES COUNCIL",,,,
UNITED WAY OF GREATER LOS ANGELES,4,THE UNITED WAY OF GREATER LOS ANGELES,UNITED WAY GREATER LOS ANGELES,UNITED WAY OF GREATER LOS ANGELES,UNITED WAY OF LOS ANGELES,,,,
US GREEN BUILDING COUNCIL CALIFORNIA,4,US GREEN BUILDING COUNCIL,US GREEN BUILDING COUNCIL CALIFORNIA,"US GREEN BUILDING COUNCIL, CALIFORNIA CHAPTER",USGBC CALIFORNIA,,,,
"VETERANS OF FOREIGN WARS, DEPARTMENT OF CALIFORNIA",4,VETERANS OF FOREIGN WARS - DEPARTMENT OF CALIFORNIA,"VETERANS OF FOREIGN WARS, DEPARTMENT OF CALIFORNIA",VFW - DEPARTMENT OF CALIFORNIA,VFW â€” DEPARTMENT OF CALIFORNIA,,,,
ALAMEDA COUNTY DEVELOPMENTAL DISABILITIES COUNCIL,3,ALAMEDA COUNTY DEVELOPMENT DISABILITIES COUNCIL,ALAMEDA COUNTY DEVELOPMENTAL DISABILITIES COUNCIL,ALAMEDA COUNTY DEVELOPMENTAL DISABILITY COUNCIL,,,,,
AMERICAN ACADEMY OF PEDIATRICS,3,AMERICAN ACADEMY OF PEDIATRICS,"AMERICAN ACADEMY OF PEDIATRICS, CA","AMERICAN ACADEMY OF PEDIATRICS, CALIFORNIA",,,,,
ASIAN AMERICANS ADVANCING JUSTICE,3,ASIAN AMERICANS ADVANCING JUSTICE,ASIAN AMERICANS ADVANCING JUSTICE - CALIFORNIA,ASIAN AMERICANS ADVANCING JUSTICEâ€”CALIFORNIA,,,,,
ASPIRANET,3,ASPIRA NET,ASPIRANET,ASPIRATNET,,,,,
BUILDING INDUSTRY ASSOCIATION OF SAN DIEGO,3,BUILDING INDUSTRY ASSOC. OF SAN DIEGO,BUILDING INDUSTRY ASSOCIATION OF SAN DIEGO,BUILDING INDUSTRY ASSOCIATION OF SAN DIEGO COUNTY,,,,,
"BUILDING INDUSTRY ASSOCIATION OF SOUTHERN CALIFORNIA, LOS ANGELES & VENTURA CHAPTER",3,"BUILDING INDUSTRY ASSOCIATION OF SOUTHERN CALIFORNIA, LOS ANGELES &","BUILDING INDUSTRY ASSOCIATION OF SOUTHERN CALIFORNIA, LOS ANGELES & VENTURA CHAPTER",BUILDING INDUSTRY ASSOCIATION OF SOUTHERN CALIFORNIA'S LOS ANGELES/VENTURA CHAPTER,,,,,
CALIFORNIA APARTMENT ASSOCIATION,3,CALIFORNIA APARTMENT ASSOC...,CALIFORNIA APARTMENT ASSOCIATION,CALIFORNIA APARTMENTS ASSOCIATION,,,,,
CALIFORNIA ASIAN PACIFIC CHAMBER OF COMMERCE,3,CALIFORNIA ASIAN PACIFIC CHAMBER OF COMMERCE,CALIFORNIA ASIAN PACIFIC CHAMBER OF COMMERCE CALIFORNIA ASSOCIATION OF REALTORS,CALIFORNIA ASIAN PACIFIC ISLANDER CHAMBER OF COMMERCE,,,,,
CALIFORNIA ASSOCIATION OF COUNCILS OF GOVERNMENTS,3,CALIFORNIA ASSOCIATION OF COUNCIL OF GOVERNMENTS,CALIFORNIA ASSOCIATION OF COUNCILS OF GOVERNMENT,CALIFORNIA ASSOCIATION OF COUNCILS OF GOVERNMENTS,,,,,
CALIFORNIA ASSOCIATION OF REALTORS,3,ASSOCIATION OF REALTORS,CALIFORNIA ASSOCIATION OF REALTORS,CALIFORNIA ASSOCIATION OF RELATORS,,,,,
CALIFORNIA ASSOCIATION OF VETERAN SERVICE AGENCIES,3,CALIFORNIA ASSOCIATION OF VETERAN SERVICE AGENCIES,CALIFORNIA ASSOCIATION OF VETERAN SERVICE AGENCIES CALIFORNIA CATHOLIC CONFERENCE,CALIFORNIA ASSOCIATION OF VETERAN SERVICES AGENCIES,,,,,
CALIFORNIA CATHOLIC CONFERENCE,3,CALIFORNIA CATHOLIC CONFERENCE,CALIFORNIA CATHOLIC CONFERENCE OF BISHOPS,"CALIFORNIA CATHOLIC CONFERENCE, INC.",,,,,
CALIFORNIA COURT APPOINTED SPECIAL ADVOCATES ASSOCIATION,3,CALIFORNIA COURT APPOINTED SPECIAL ADVOCATE ASSOCIATION,CALIFORNIA COURT APPOINTED SPECIAL ADVOCATES ASSOCIATION,,,,,,
CALIFORNIA HISPANIC CHAMBER OF COMMERCE,3,CALIFORNIA HISPANIC CHAMBER OF COMMERCE,CALIFORNIA HISPANIC CHAMBER OF COMMERCE CALIFORNIA RENTAL HOUSING ASSOCIATION,CALIFORNIA HISPANIC CHAMBERS OF COMMERCE,,,,,
CALIFORNIA INFILL FEDERATION,3,CALIFORNIA INFILL BUILDERS ASSOCIATION,CALIFORNIA INFILL BUILDERS FEDERATION,CALIFORNIA INFILL FEDERATION,,,,,
"CALIFORNIA SCHOOL EMPLOYEES ASSOCIATION, AFL-CIO",3,CALIFORNIA SCHOOL EMPLOYEES ASSOCIATION,"CALIFORNIA SCHOOL EMPLOYEES ASSOCIATION, AFL-CIO",CALIFORNIA SCHOOLEMPLOYEES ASSOCIATION,,,,,
CALIFORNIA STATE ASSOCIATION OF COUNTIES,3,CA STATE ASSOCIATION OF COUNTIES,CALIFORNIA STATE ASSOCIATION OF COUNTIES,THE CALIFORNIA STATE ASSOCIATION OF COUNTIES,,,,,
CALIFORNIA STATE COMMANDERS VETERANS COUNCIL,3,CALIFORNIA STATE COMMANDERS VETERAN COUNCIL,CALIFORNIA STATE COMMANDERS VETERANS,CALIFORNIA STATE COMMANDERS VETERANS COUNCIL,,,,,
CALIFORNIA STATE CONTROLLER BETTY YEE,3,CALIFORNIA STATE CONTROLLER,CALIFORNIA STATE CONTROLLER BETTY T. YEE,CALIFORNIA STATE CONTROLLER BETTY YEE,,,,,
CITIES ASSOCIATION OF SANTA CLARA COUNTY,3,CITIES ASSOCIATION OF SANTA CLARA COUNTY,THE CITIES ASSOCIATION OF SANTA CLARA COUNTY,,,,,,
CITY OF DOWNEY,3,CITY OF DOWNEY,"CITY OF DOWNEY,",DOWNEY,,,,,
CITY OF LAKE FOREST,3,CITY OF LAKE FOREST,CITY OF LAKE FORREST,LAKE FOREST,,,,,
"CLIFFORD BEERS HOUSING, INC.",3,CLIFFORD BEERS HOUSING,CLIFFORD BEERS HOUSING (LOS ANGELES),"CLIFFORD BEERS HOUSING, INC.",,,,,
"COMMUNITY ECONOMICS, INC.",3,COMMUNITY ECONOMICS,COMMUNITY ECONOMICS INC.,"COMMUNITY ECONOMICS, INC.",,,,,
"COUNCILMEMBER ZACH HILTON, CITY OF GILROY",3,COUNCILMEMBER ZACH HILTON,"COUNCILMEMBER ZACH HILTON, CITY OF GILROY","COUNCILMEMBER ZACH HILTON, CITY OF GILROY COUNTY OF MONTEREY",,,,,
COUNTY OF LOS ANGELES BOARD OF SUPERVISORS,3,COUNTY OF LOS ANGELES BOARD OF SUPERVISORS,"COUNTY OF LOS ANGELES, BOARD OF SUPERVISORS",LOS ANGELES COUNTY BOARD OF SUPERVISORS,,,,,
COUNTY OF ORANGE,3,COUNTY OF ORANGE,ORANGE COUNTY,ORANGE; COUNTY OF,,,,,
COUNTY OF SANTA CLARA,3,COUNTY OF SANTA CLARA,SANTA CLARA COUNTY,THE COUNTY OF SANTA CLARA,,,,,
COUNTY WELFARE DIRECTORS ASSOCIATION OF CALIFORNIA,3,COUNTY WELFARE DIRECTORS ASSOCIATION,COUNTY WELFARE DIRECTORS ASSOCIATION OF CALIFORNIA,COUNTY WELFARE DIRECTORS ASSOCIATION OF CALIFORNIA (CWDA),,,,,
"DOWNTOWN WOMEN'S CENTER, LOS ANGELES",3,DOWNTOWN WOMEN'S CENTER,DOWNTOWN WOMEN'S CENTER (LOS ANGELES),"DOWNTOWN WOMEN'S CENTER, LOS ANGELES",,,,,
ENGINEERING CONTRACTORS ASSOCIATION,3,ENGINEERING &UTILITY CONTRACTORSASSOCIATION,ENGINEERING CONTRACTORS ASSOCIATION,ENGINEERING CONTRACTORS' ASSOCIATION,,,,,
ENTERPRISE COMMUNITY PARTNERS,3,ENTERPRISE COMMUNITY PARTNERS,"ENTERPRISE COMMUNITY PARTNERS, INC.",ENTERPRISE COMMUNITY PARTNERS; GREENBELT ALLIANCE,,,,,
EVERYONE HOME,3,EVERYONE HOME,EVERYONE HOME (ALAMEDA COUNTY CONTINUUM OF CARE),"EVERYONE HOME, ENDING HOMELESSNESS IN ALAMEDA COUNTY",,,,,
HABITAT FOR HUMANITY CALIFORNIA,3,HABITAT CALIFORNIA,HABITAT FOR HUMANITY,HABITAT FOR HUMANITY CALIFORNIA,,,,,
HABITAT FOR HUMANITY EAST BAY/SILICON VALLEY,3,HABITAT FOR HUMANITY EAST BAY,HABITAT FOR HUMANITY EAST BAY / SILICON VALLEY,HABITAT FOR HUMANITY EAST BAY/SILICON VALLEY,,,,,
JAMBOREE HOUSING CORPORATION,3,JAMBOREE,JAMBOREE HOUSING CORPORATION,JAMBOREE HOUSING CORPORATION (IRVINE),,,,,
JEWISH FAMILY SERVICES OF SAN DIEGO,3,JEWISH FAMILY SERVICE OF SAN DIEGO,JEWISH FAMILY SERVICE SAN DIEGO,JEWISH FAMILY SERVICES OF SAN DIEGO,,,,,
JOHN STEWART COMPANY,3,JOHN STEWART CO,JOHN STEWART COMPANY,THE JOHN STEWART COMPANY,,,,,
KENNEDY COMMISSION,3,KENNEDY COMMISSION,KENNEDY COMMISSION (ORANGE COUNTY),THE KENNEDY COMMISSION,,,,,
KIWA,3,KIWA,KOREATOWN IMMIGRANT WORKERS,KOREATOWN IMMIGRANT WORKERS ALLIANCE,,,,,
LAANE (LOS ANGELES),3,LAANE (LOS ANGELES ALLIANCE FOR A NEW ECONOMY),LAANE (LOS ANGELES),LOS ANGELES ALLIANCE FOR A NEW ECONOMY,,,,,
LAWYERS' COMMITTEE FOR CIVIL RIGHTS OF THE SAN FRANCISCO BAY AREA,3,LAWYERS COMMITTEE FOR CIVIL RIGHTS OF THE SAN FRANCISCO BAY AREA,LAWYERS' COMMITTEE FOR CIVIL RIGHTS OF THE SAN FRANCISCO BAY AREA,LAWYERS' COMMITTEE FOR CIVIL RIGHTS OF SAN FRANCISCO BAY AREA,,,,,
LEADING AGE,3,LEADING AGE,LEADING AGE CALIFORNIA,LEADINGAGE CALIFORNIA,,,,,
LEAGUE OF CALIFORNIA CITIES,3,LEAGUE OF CALIFORNIA CITIES,"LEAGUE OF CALIFORNIA CITIES
",LEAGUE OF CITIES,,,,,
LEAGUE OF WOMEN VOTERS,3,LEAGUE OF WOMEN VOTERS,LEAGUE OF WOMEN VOTERS CALIFORNIA,LEAGUE OF WOMEN VOTERS OF CALIFORNIA,,,,,
LEGAL SERVICES FOR PRISONERS WITH CHILDREN,3,LEGAL SERVICES FOR PRISONER WITH CHILDREN,LEGAL SERVICES FOR PRISONERS WITH CHILDREN,LEGAL SERVICES FOR PRISONERS WITH CHILDREN (LSPC),,,,,
LISC LOS ANGELES,3,LISC LOS ANGELES,LOCALINITIATIVES SUPPORT CORPORATION LOSANGELES,LOCALINITIATIVES SUPPORTCORPORATIONLOSANGELES,,,,,
LITTLE TOKYO SERVICE CENTER,3,LITTLE TOKYO SERVICE CENTER,LITTLE TOKYO SERVICE CENTER CDC,LITTLE TOKYO SERVICE CENTER COMMUNITY DEVELOPMENT CORPORATION (LOS ANGELES),,,,,
LIVABLE CALIFORNIA,3,LIVABLE CALIFORNIA,NEW LIVABLE CALIFORNIA,NEW LIVABLE CALIFORNIA DBA LIVABLE CALIFORNIA,,,,,
"LOS ANGELES COUNTY DIVISION, LEAGUE OF CALIFORNIA CITIES",3,LOS ANGELES COUNTY DIVISION LEAGUE OF CALIFORNIA CITIES,LOS ANGELES COUNTY DIVISION OF THE LEAGUE OF CALIFORNIA CITIES,"LOS ANGELES COUNTY DIVISION, LEAGUE OF CALIFORNIA CITIES",,,,,
MAMMOTH LAKES HOUSING,3,MAMMOTH LAKES HOUSING,MAMMOTH LAKES HOUSING INC.,"MAMMOTH LAKES HOUSING, INC.",,,,,
"MAYOR JESSE ARREGUIN, CITY OF BERKELEY",3,MAYOR JESSE ARREGUÃN,"MAYOR JESSE ARREGUÃN, CITY OF BERKELEY","MAYOR JESSE ARREGUIN, CITY OF BERKELEY",,,,,
"MAYOR LONDON BREED, CITY AND COUNTY OF SAN FRANCISCO",3,"LONDON BREED, MAYOR OF SAN FRANCISCO","MAYOR LONDON BREED, CITY OF SAN FRANCISCO",SAN FRANCISCO MAYOR LONDON BREED,,,,,
MERCY HOUSING,3,MERCY HOUSING,MERCY HOUSING (WEST SACRAMENTO),MERCY HOUSING CALIFORNIA,,,,,
MISSION ECONOMIC DEVELOPMENT AGENCY (MEDA),3,MISSION ECONOMIC DEVELOPMENT AGENCY,MISSION ECONOMIC DEVELOPMENT AGENCY (MEDA),MISSION ECONOMIC DEVELOPMENT COMPANY,,,,,
NATIONAL FEDERATION OF INDEPENDENT BUSINESS,3,NATIONAL FEDERATION OF INDEPENDENT BUSINESS,NATIONAL FEDERATION OF INDEPENDENT BUSINESS - CALIFORNIA,NATIONAL FEDERATION OF INDEPENDENT BUSINESS (NFIB),,,,,
NORTH VALLEY PROPERTY OWNERS' ASSOCIATION,3,NORTH VALLEY PROPERTY OWNER ASSOCIATION,NORTH VALLEY PROPERTY OWNERS ASSOCIATION,NORTH VALLEY PROPERTY OWNERS' ASSOCIATION,,,,,
PEOPLE FOR HOUSING ORANGE COUNTY,3,PEOPLE FOR HOUSING - ORANGE COUNTY,PEOPLE FOR HOUSING OC,PEOPLE FOR HOUSING ORANGE COUNTY,,,,,
PHYSICIANS FOR SOCIAL RESPONSIBILITY,3,PHYSICIANS FOR SOCIAL RESPONSIBILITY,PHYSICIANS FOR SOCIAL RESPONSIBILITY - LOS ANGELES,PHYSICIANS FOR SOCIAL RESPONSIBILITY-LOS ANGELES,,,,,
"PUBLIC ADVOCATES, INC.",3,PUBLIC ADVOCATES,PUBLIC ADVOCATES INC.,"PUBLIC ADVOCATES, INC",,,,,
REGIONAL ASTHMA MANAGEMENT AND PREVENTION,3,REGIONAL ASTHMA MANAGEMENT & PREVENTION,REGIONAL ASTHMA MANAGEMENT AND PREVENTION,REGIONAL ASTHMA MANAGEMENT AND PREVENTION FRESNO,,,,,
"RICHMOND NEIGHBORHOOD HOUSING SERVICES, INC.",3,RICHMOND NEIGHBORHOOD HOUSING SERVICES,RICHMOND NEIGHBORHOOD HOUSING SERVICES INC,"RICHMOND NEIGHBORHOOD HOUSING SERVICES, INC.",,,,,
SAN FRANCISCO BAY AREA RAPID TRANSIT DISTRICT (BART),3,SAN FRANCISCO BAY AREA RAPID TRANSIT,SAN FRANCISCO BAY AREA RAPID TRANSIT DISTRICT,SAN FRANCISCO BAY AREA RAPID TRANSIT DISTRICT (BART),,,,,
SAN FRANCISCO YIMBY,3,SAN FRANCISCO YES-IN-MY-BACK-YARD PARTY,SAN FRANCISCO YIMBY,SF YIMBY,,,,,
SARES REGIS GROUP,3,SARES REGIS GROUP,SARES REGIS GROUP OF NORTHERN CALIFORNIA,SARES REGIS HOMES,,,,,
SELF-HELP ENTERPRISES,3,SELF HELP ENTERPRISES,SELF-HELP ENTERPRISES,SELF-HELP ENTERPRISES (VISALIA),,,,,
T.R.U.S.T. SOUTH LA,3,T.R.U.S.T SOUTH LA,T.R.U.S.T. SOUTH LA,T.R.U.S.T. SOUTH LA (LOS ANGELES),,,,,
TENDERLOIN NEIGHBORHOOD DEVELOPMENT CORPORATION,3,TENDERLOIN NEIGHBORHOOD DEVELOPMENT,TENDERLOIN NEIGHBORHOOD DEVELOPMENT CORPORATION,TENDERLOIN NEIGHBORHOOD DEVELOPMENT CORPORATION (SAN FRANCISCO),,,,,
TODCO,3,TENANTS AND OWNERS DEVELOPMENT CORPORATION,TODCO,TODGO,,,,,
UP FOR GROWTH,3,UP FOR GROWTH,UP FOR GROWTH CALIFORNIA,UP FOR GROWTH NATIONAL COALITION,,,,,
VENICE COMMUNITY HOUSING CORPORATION,3,VENICE COMMUNITY HOUSING,VENICE COMMUNITY HOUSING CORPORATION,VENICE COMMUNITY HOUSING CORPORATION (VENICE),,,,,
VISTA DEL LAGO HOMEOWNERS ASSOCIATION,3,VISTA DEL LAGO HOMEOWNERS ASSOCIATION,"VISTA DEL LAGO HOMEOWNERS' ASSOCIATION, SCOTTS VALLEY",VISTA DEL LAGO HOMEOWNERS' ASSOCIATION,,,,,
A BETTER WAY FORWARD TO HOUSE CALIFORNIA,2,A BETTER WAY FORWARD TO HOUSE CALIFORNIA,BETTER WAY FORWARD TO HOUSE CALIFORNIA,,,,,,
AARP,2,AARP,AMERICAN ASSOCIATION OF RETIRED PERSONS,,,,,,
AARP CALIFORNIA,2,AARP CALIFORNIA,"AARP, CALIFORNIA",,,,,,
ABUNDANT HOUSING LA,2,ABUNDANT HOUSING LA,ABUNDANT HOUSING LOS ANGELES,,,,,,
ACTIVESGV,2,ACTIVESGV,"ACTIVESGV, A PROJECT OF COMMUNITY PARTNERS",,,,,,
AFFIRMED HOUSING,2,AFFIRMED HOUSING,AFFIRMED HOUSING GROUP,,,,,,
"AFFORDABLE HOUSING MANAGEMENT ASSOCIATION, PACIFIC SOUTHWEST",2,AFFORDABLE HOUSING MANAGEMENT ASSOCIATION - PACIFIC SOUTH WEST,"AFFORDABLE HOUSING MANAGEMENT ASSOCIATION, PACIFIC SOUTHWEST",,,,,,
AFFORDABLE HOUSING NETWORK OF SANTA CLARA COUNTY,2,AFFORDABLE HOUSING NETWORK OF SANTA CLARA COUNTY,"AFFORDABLE HOUSING NETWORK OF SANTA CLARA COUNTY AFSCME, LOCAL 3299",,,,,,
AFFORDABLE HOUSING NOW,2,AFFORDABLE HOUSING NOW,AFFORDABLE HOUSING NOW- SANTA CRUZ COUNTY,,,,,,
AFRICAN AMERICAN WELLNESS CENTER FOR CHILDREN AND FAMILIES,2,AFRICAN AMERICAN WELLNESS CENTER FOR CHILDREN & FAMILIES,AFRICAN AMERICAN WELLNESS CENTER FOR CHILDREN AND FAMILIES,,,,,,
AIDS HEALTHCARE FOUNDATION,2,AIDS HEALTH CARE FOUNDATION,AIDS HEALTHCARE FOUNDATION,,,,,,
ALLIANCE FOR BOYS AND MEN OF COLOR,2,ALLIANCE FOR BOYS AND MEN OF COLOR,THE ALLIANCE FOR BOYS AND MEN OF COLOR,,,,,,
ALPHA CONSTRUCTION COMPANY,2,"ALPHA CONSTRUCTION CO., INC.",ALPHA CONSTRUCTION COMPANY,,,,,,
AMCAL,2,AMCAL,AMCAL MULTI-HOUSING,,,,,,
AMERICAN CONGRESS OF OBSTETRICIANS AND GYNECOLOGISTS,2,AMERICAN CONGRESS OF OBSTETRICIANS AND GYNECOLOGISTS,"AMERICAN CONGRESS OF OBSTETRICIANS AND GYNECOLOGISTS, DISTRICT IX",,,,,,
AMERICAN GI FORUM OF CALIFORNIA,2,AMERICAN G.I. FORUM OF CALIFORNIA,AMERICAN GI FORUM OF CALIFORNIA,,,,,,
AMERICAN INSTITUTE OF ARCHITECTS CALIFORNIA,2,AMERICAN INSTITUTE OF ARCHITECTS CALIFORNIA,"AMERICAN INSTITUTE OF ARCHITECTS, CALIFORNIA COUNCIL",,,,,,
AMERICAN LUNG ASSOCIATION - CALIFORNIA,2,AMERICAN LUNG ASSOCIATION - CALIFORNIA,AMERICAN LUNG ASSOCIATION IN CALIFORNIA,,,,,,
AMERICAN RED CROSS,2,AMERICAN RED CROSS,AMERICAN RED CROSS CALIFORNIA CHAPTER,,,,,,
AMY HIESTAD CONSULTING,2,AMY HIESTAD CONSULTING,AMY HIESTAND CONSULTING,,,,,,
ANTI-RECIDIVISM COALITION,2,ANTI-RECIDIVISM COALITION,ANT-RECIDIVISM COALITION,,,,,,
APARTMENT ASSOCIATION OF GREATER LOS ANGELES,2,APARTMENT ASSOCIATION OF GREATER LOS ANGELES,"APARTMENT ASSOCIATION, GREATER LOS ANGELES",,,,,,
APARTMENT ASSOCIATION OF ORANGE COUNTY,2,APARTMENT ASSOCIATION OF ORANGE COUNTY,APARTMENT ASSOCIATION OF ORANGE COUNTY CALIFORNIA,,,,,,
ARC CALIFORNIA,2,THE ARC,THE ARC CALIFORNIA,,,,,,
ASIAN PACIFIC ENVIRONMENTAL NETWORK,2,ASIAN PACIFIC ENVIRONMENT NETWORK,ASIAN PACIFIC ENVIRONMENTAL NETWORK,,,,,,
ASSOCIATED BUILDERS AND CONTRACTORS,2,ASSOCIATED BUILDERS AND CONTRACTORS,"ASSOCIATED BUILDERS AND CONTRACTORS, INC",,,,,,
ASSOCIATED BUILDERS AND CONTRACTORS - NORTHERN CALIFORNIA,2,ASSOCIATED BUILDERS AND CONTRACTORS - NORTHERN CALIFORNIA,ASSOCIATED BUILDERS AND CONTRACTORS NORTHERN CALIFORNIA CHAPTER,,,,,,
ASSOCIATED BUILDERS AND CONTRACTORS OF CALIFORNIA,2,ASSOCIATED BUILDERS AND CONTRACTORS OF CALIFORNIA,ASSOCIATED BUILDERS AND CONTRACTORS OF CALIFORNIA CALIFORNIA,,,,,,
ASSOCIATION OF BAY AREA GOVERNMENTS,2,ASSOCIATION OF BAY AREA GOVERNMENTS,ASSOCIATION OF BAY AREA GOVERNMENTS (ABAG),,,,,,
ASSOCIATION OF CALIFORNIA CITIES - ORANGE COUNTY,2,ASSOCIATION OF CALIFORNIA CITIES - ORANGE COUNTY,ASSOCIATION OF CALIFORNIA CITIES OF ORANGE COUNTY,,,,,,
ASSOCIATION OF CALIFORNIA HEALTHCARE DISTRICTS,2,ASSOCIATION OF CALIFORNIA HEALTH CARE DISTRICTS,ASSOCIATION OF CALIFORNIA HEALTHCARE DISTRICTS,,,,,,
BAY AREA COUNCIL,2,BAY AREA COUNCIL,THE BAY AREA COUNCIL,,,,,,
BESARO MOBILEHOME PARK,2,"BESARO MOBILE HOME PARK HOMEOWNERS' ASSOCIATION, FREMONT",BESARO MOBILEHOME PARK,,,,,,
BET TZEDEK,2,BET TZEDEK,BET TZEDEK LEGAL SERVICES (LOS ANGELES),,,,,,
BILL WILSON CENTER,2,BILL WILSON CENTER,"BILL WILSON CENTER, SANTA CLARA",,,,,,
BLACK CAUCUS OF CALIFORNIA COMMUNITY COLLEGES,2,BLACK CAUCUS OF CALIFORNIA COMMUNITY COLLEGES,THE BLACK CAUCUS OF THE CALIFORNIA COMMUNITY COLLEGES,,,,,,
BLUE PACIFIC MOBILE HOME PARK HOMEOWNERS' ASSOCIATION,2,"BLUE PACIFIC MOBILE HOME PARK HOMEOWNERS' ASSOCIATION, APTOS",BLUE PACIFIC MOBILE HOME PARK HOMEOWNERS' ASSOCIATION,,,,,,
BRIDGE HOUSING CORPORATION,2,BRIDGE HOUSING,BRIDGE HOUSING CORPORATION,,,,,,
BUILD AFFORDABLE FASTER CALIFORNIA,2,BUILD AFFORDABLE FASTER CA,BUILD AFFORDABLE FASTER CALIFORNIA,,,,,,
BUILDING INDUSTRY ASSOCIATION OF ORANGE COUNTY,2,BUILDING INDUSTRY ASSOC. OF ORANGE COUNTY,BUILDING INDUSTRY ASSOCIATION OF ORANGE COUNTY,,,,,,
BUILDING INDUSTRY ASSOCIATION OF THE BAY AREA,2,BUILDING INDUSTRY ASSOCIATION - BAY AREA,BUILDING INDUSTRY ASSOCIATION OF THE BAY AREA,,,,,,
BUILDING INDUSTRY ASSOCIATION OF TULARE/KINGS COUNTY,2,BUILDING INDUSTRY ASSOCIATION OF TULARE/KINGS COUNTY,"BUILDING INDUSTRY ASSOCIATION OF TULARE/KINGS COUNTY, INC.",,,,,,
"BUILDING INDUSTRY ASSOCIATION, RIVERSIDE COUNTY CHAPTER",2,BUILDING INDUSTRY ASSOCIATION RIVERSIDE COUNTY CHAPTER,"BUILDING INDUSTRY ASSOCIATION, RIVERSIDE COUNTY CHAPTER",,,,,,
BUILDING OPPORTUNITIES FOR SELF-SUFFICIENCY (BOSS),2,BUILDING OPPORTUNITIES FOR SELF-SUFFICIENCY,BUILDING OPPORTUNITIES FOR SELF-SUFFICIENCY (BOSS),,,,,,
BUILDING OWNERS AND MANAGERS ASSOCIATION OF CALIFORNIA,2,BUILDING OWNERS AND MANAGERS ASSOCIATION OF CALIFORNIA,BUILDING OWNERS AND MANAGERS ASSOCIATION OF CALIFORNIA (BOMA),,,,,,
C&C DEVELOPMENT CORPORATION,2,C&C DEVELOPMENT,C&C DEVELOPMENT CORPORATION,,,,,,
CABRILLO ECONOMIC DEVELOPMENT CORPORATION,2,CABRILLO ECONOMIC DEVELOPMENT CORPORATION,CABRILLO ECONOMIC DEVELOPMENT CORPORATION (VENTURA),,,,,,
CAL STATE STUDENT ASSOCIATION,2,CAL STATE STUDENT ASSOCIATION,CALIFORNIA STATE STUDENT ASSOCIATION,,,,,,
CALAVERAS COUNTY ASSOCIATION OF REALTORS,2,CALAVERAS COUNTY ASSOCIATION OF REALTORS,CALAVERAS COUNTY OF ASSOCIATION OF REALTORS,,,,,,
CALCHAMBER,2,CALCHAMBER,CALIFORNIA STATE CHAMBER OF COMMERCE,,,,,,
CALIFORNIA ALTERNATIVE PAYMENT PROGRAM ASSOCIATION,2,CALIFORNIA ALTERNATIVE PAYMENT PROGRAM ASSOCIATION,CALIFORNIA ALTERNATIVE PAYMENT PROGRAM ASSOCIATION (CAPPA),,,,,,
CALIFORNIA ASSOCIATION OF JOINT POWERS AUTHORITIES,2,CALIFORNIA ASSOCIATION OF JOINT POWERS AUTHORITIES,CALIFORNIA ASSOCIATION OF JOINT POWERS AUTHORITY,,,,,,
CALIFORNIA ASSOCIATION OF PUBLIC AUTHORITIES,2,CALIFORNIA ASSOCIATION OF PUBLIC AUTHORITIES,CALIFORNIA ASSOCIATION OF PUBLIC AUTHORITIES FOR IHSS,,,,,,
CALIFORNIA BUSINESS PROPERTIES ASSOCIATION,2,CALIFORNIA BUSINESS PROPERTIES ASSOCIATION,CALIFORNIA BUSINESS PROPERTIES ASSOCIATION CALCHAMBER,,,,,,
CALIFORNIA CABLE AND TELECOMMUNICATIONS ASSOCIATION,2,CALIFORNIA CABLE & TELECOMMUNICATIONS ASSOCIATION,CALIFORNIA CABLE AND TELECOMMUNICATIONS ASSOCIATION,,,,,,
CALIFORNIA COALITION FOR RURAL HOUSING,2,CALIFORNIA COALITION FOR RURAL HOUSING,,,,,,,
CALIFORNIA COLLABORATIVE FOR LONG TERM SERVICES,2,CALIFORNIA COLLABORATIVE FOR LONG TERM SERVICES,CALIFORNIA COLLABORATIVE FOR LONG TERM SERVICES AND SUPPORTS,,,,,,
CALIFORNIA COUNCIL FOR AFFORDABLE HOUSING,2,CALIFORNIA COUNCIL FOR AFFORDABLE HOUSING,,,,,,,
CALIFORNIA DEMOCRATIC RENTERS COUNCIL,2,CALIFORNIA DEMOCRATIC PARTY RENTERS COUNCIL,CALIFORNIA DEMOCRATIC RENTERS COUNCIL,,,,,,
CALIFORNIA FARM BUREAU FEDERATION,2,CALIFORNIA FARM BUREAU,CALIFORNIA FARM BUREAU FEDERATION,,,,,,
"CALIFORNIA LABOR FEDERATION, AFL-CIO",2,CALIFORNIA LABOR FEDERATION,"CALIFORNIA LABOR FEDERATION, AFL-CIO",,,,,,
CALIFORNIA MANUFACTURERS AND TECHNOLOGY ASSOCIATION,2,CALIFORNIA MANUFACTURERS & TECHNOLOGY ASSOCIATION,CALIFORNIA MANUFACTURERS AND TECHNOLOGY ASSOCIATION,,,,,,
CALIFORNIA MENTAL HEALTH DIRECTORS ASSOCIATION,2,CALIFORNIA MENTAL HEALTH DIRECTORS ASSOCIATION,CALIFORNIA MENTAL HEALTH DIRECTORS COALITION,,,,,,
CALIFORNIA PAN-ETHNIC HEALTH NETWORK,2,CALIFORNIA PAN ETHNIC HEALTH NETWORK,CALIFORNIA PAN-ETHNIC HEALTH NETWORK,,,,,,
CALIFORNIA RENTERS LEGAL ADVOCACY AND EDUCATION FUND,2,CALIFORNIA RENTERS LEGAL ADVOCACY & EDUCATION FUND,CALIFORNIA RENTERS LEGAL ADVOCACY AND EDUCATION FUND,,,,,,
CALIFORNIA STATE ASSOCIATION OF ELECTRICAL WORKERS,2,CALIFORNIA STATE ASSOCIATION OF ELECTRICAL WORKERS,,,,,,,
CALIFORNIA STATE SHERIFFS' ASSOCIATION,2,CALIFORNIA STATE SHERIFF'S ASSOCIATION,CALIFORNIA STATE SHERIFFS' ASSOCIATION,,,,,,
CALIFORNIA TAXPAYERS ASSOCIATION,2,CALIFORNIA TAXPAYERS ASSOCIATION,CALIFORNIA TAXPAYERS' ASSOCIATION,,,,,,
CALIFORNIA URBAN FORESTS COUNCIL,2,CALIFORNIA URBAN FORESTS,CALIFORNIA URBAN FORESTS COUNCIL,,,,,,
"CALIFORNIA WOMEN, INFANTS AND CHILDREN ASSOCIATION",2,CALIFORNIA WIC ASSOCIATION,"CALIFORNIA WOMEN, INFANTS AND CHILDREN ASSOCIATION",,,,,,
CALIFORNIANS UNITED FOR A RESPONSIBLE BUDGET,2,CALIFORNIANS UNITED FOR A RESPONSIBLE BUDGET,CALIFORNIANS UNITED FOR A RESPONSIBLE BUDGET (CURB),,,,,,
CARPENTERS LOCAL UNIONS,2,CARPENTERS LOCAL UNION,"CARPENTERS LOCAL UNION 22, 46, 152, 180, 405, 505, 605, 562, 619, 661, 701, 713,",,,,,,
CARPENTERS WOMEN'S AUXILIARY,2,CARPENTERS WOMEN'S AUXILIARY,"CARPENTERS WOMEN'S AUXILIARY 001, 007, 66, 91, 101, 417, 710, AND 1904",,,,,,
CASITA COALITION,2,CASITA COALITION,THE CASITA COALITION,,,,,,
CATHOLIC CHARITIES OF CALIFORNIA,2,CATHOLIC CHARITIES OF CA UNITED,CATHOLIC CHARITIES OF CALIFORNIA,,,,,,
CAUSA JUSTA: JUST CAUSE,2,CAUSA JUSTA : JUST CAUSE,CAUSA JUSTA: JUST CAUSE,,,,,,
CENTER FOR COMMUNITY ACTION AND ENVIRONMENTAL JUSTICE,2,CENTER FOR COMMUNITY ACTION & ENVIRONMENTAL JUSTICE,CENTER FOR COMMUNITY ACTION AND ENVIRONMENTAL JUSTICE,,,,,,
"CENTER ON RACE, POVERTY, AND THE ENVIRONMENT",2,"CENTER ON RACE, POVERTY & THE ENVIRONMENT","CENTER ON RACE, POVERTY, AND THE ENVIRONMENT",,,,,,
CENTRAL CALIFORNIA ENVIRONMENTAL JUSTICE NETWORK,2,CENTER CALIFORNIA ENVIRONMENTAL JUSTICE NETWORK,CENTRAL CALIFORNIA ENVIRONMENTAL JUSTICE NETWORK,,,,,,
CENTRAL CITY ASSOCIATION OF LOS ANGELES,2,CENTRAL CITY ASSOCIATION,CENTRAL CITY ASSOCIATION OF LOS ANGELES,,,,,,
CENTRAL COAST BUILDERS ASSOCIATION,2,CENTRAL COAST BUILDERS,CENTRAL COAST BUILDERS ASSOCIATION,,,,,,
CENTRAL VALLEY URBAN INSTITUTE,2,CENTRAL VALLEY URBAN INSTITUTE,THE CENTRAL VALLEY URBAN INSTITUTE,,,,,,
CENTURY HOUSING,2,CENTURY HOUSING,CENTURY HOUSING (CULVER CITY),,,,,,
CHILDREN'S ADVOCACY INSTITUTE,2,CHILDREN'S ADVOCACY INSTITUTE,THE CHILDREN'S ADVOCACY INSTITUTE,,,,,,
CHILDREN'S DEFENSE FUND - CALIFORNIA,2,CHILDREN'S DEFENSE FUND,CHILDREN'S DEFENSE FUND - CALIFORNIA,,,,,,
CHINATOWN COMMUNITY DEVELOPMENT CENTER (SAN FRANCISCO),2,CHINATOWN COMMUNITY DEVELOPMENT CENTER,CHINATOWN COMMUNITY DEVELOPMENT CENTER (SAN FRANCISCO),,,,,,
CHISPA HOUSING (SALINAS),2,CHISPA HOUSING (SALINAS),"CHISPA, INC.",,,,,,
CHRYSALIS CENTER,2,CHRYSALIS CENTER,"CHRYSALIS CENTER, THE",,,,,,
CITY OF AZUSA,2,AZUSA,CITY OF AZUSA,,,,,,
CITY OF BELLFLOWER,2,CITY OF BELLFLOWER,"CITY OF BELLFLOWER,",,,,,,
CITY OF BERKELEY,2,BERKELEY; CITY OF,CITY OF BERKELEY,,,,,,
CITY OF BEVERLY HILLS,2,CITY OF  BEVERLY HILLS,CITY OF BEVERLY HILLS,,,,,,
CITY OF BRENTWOOD,2,CITY OF BRENTWOOD,"CITY OF BRENTWOOD,",,,,,,
CITY OF BURBANK,2,BURBANK,CITY OF BURBANK,,,,,,
CITY OF CAMARILLO,2,CAMARILLO,CITY OF CAMARILLO,,,,,,
CITY OF CARPINTERIA,2,CITY OF CARPENTERIA,CITY OF CARPINTERIA,,,,,,
CITY OF CITRUS HEIGHTS,2,CITY OF CITRUS HEIGHTS,"CITY OF CITRUS HEIGHTS,",,,,,,
CITY OF CLAREMONT,2,CITY OF CLAREMONT,CLAREMONT,,,,,,
CITY OF CLAYTON,2,CITY OF CLAYTON,CLAYTON,,,,,,
CITY OF CORONA,2,CITY OF CORONA,"CITY OF CORONA,",,,,,,
CITY OF CORONADO,2,CITY OF CORONADO,CORONADO,,,,,,
CITY OF DANVILLE,2,CITY OF DANVILLE,DANVILLE,,,,,,
CITY OF EAST PALO ALTO,2,CITY OF EAST PALO ALTO,"CITY OF EAST PALO ALTO, HOUSING SERVICES DEPARTMENT",,,,,,
CITY OF ENCINITAS,2,CITY OF ENCINITAS,ENCINITAS,,,,,,
CITY OF FOLSOM,2,CITY OF FOLSOM,FOLSOM,,,,,,
CITY OF FREMONT,2,CITY OF FREMONT,FREMONT,,,,,,
CITY OF FRESNO,2,CITY OF FRESNO,FRESNO,,,,,,
CITY OF HUNTINGTON BEACH,2,CITY OF HUNTINGTON BEACH,HUNTINGTON BEACH,,,,,,
CITY OF IRWINDALE,2,CITY OF IRWINDALE,,,,,,,
CITY OF LA CANADA FLINTRIDGE,2,CITY OF LA CANADA FLINTRIDGE,LA CAÃ‘ADA FLINTRIDGE,,,,,,
CITY OF LA MIRADA,2,CITY OF LA MIRADA,LA MIRADA,,,,,,
CITY OF LA VERNE,2,CITY OF  LA VERNE,CITY OF LA VERNE,,,,,,
CITY OF LAFAYETTE,2,CITY OF LAFAYETTE,LAFAYETTE,,,,,,
CITY OF LAKEWOOD,2,CITY OF LAKEWOOD,LAKEWOOD,,,,,,
CITY OF LOS ANGELES,2,CITY OF LOS ANGELES,LOS ANGELES CITY,,,,,,
"CITY OF LOS ANGELES, MAYOR ERIC GARCETTI",2,"CITY OF LOS ANGELES MAYOR, ERIC GARCETTI","CITY OF LOS ANGELES, MAYOR ERIC GARCETTI",,,,,,
CITY OF MOORPARK,2,CITY OF MOORPARK,MOORPARK,,,,,,
CITY OF PARAMOUNT,2,CITY OF  PARAMOUNT,CITY OF PARAMOUNT,,,,,,
CITY OF REDONDO BEACH,2,CITY OF  REDONDO BEACH,CITY OF REDONDO BEACH,,,,,,
CITY OF RICHMOND,2,CITY OF RICHMOND,"CITY OF RICHMOND, CALIFORNIA",,,,,,
CITY OF ROCKLIN,2,CITY OF ROCKLIN,CITY OF ROCKLIN ROHNERT PARK,,,,,,
CITY OF SAN CARLOS,2,CITY OF  SAN CARLOS,CITY OF SAN CARLOS,,,,,,
CITY OF SAN CLEMENTE,2,CITY OF  SAN CLEMENTE,CITY OF SAN CLEMENTE,,,,,,
CITY OF SEASIDE,2,CITY OF SEASIDE,CITY OF SEASIDE (PRIOR VERSION),,,,,,
CITY OF SIMI VALLEY,2,AND SIMI VALLEY),CITY OF SIMI VALLEY,,,,,,
CITY OF SOLANA BEACH,2,CITY OF SOLANA BEACH,CITY OF SOLANO BEACH,,,,,,
CITY OF THOUSAND OAKS,2,CITY OF  THOUSAND OAKS,CITY OF THOUSAND OAKS,,,,,,
CITY OF VENTURA,2,CITY OF  VENTURA,CITY OF VENTURA,,,,,,
CITY OF VISALIA,2,CITY OF  VISALIA,CITY OF VISALIA,,,,,,
CITY OF VISTA,2,CITY OF  VISTA,CITY OF VISTA,,,,,,
CITY/COUNTY ASSOCIATION OF GOVERNMENTS OF SAN MATEO COUNTY,2,CITY/COUNTY ASSOCIATION OF GOVERNMENT OF SAN MATEO COUNTY,CITY/COUNTY ASSOCIATION OF GOVERNMENTS OF SAN MATEO COUNTY,,,,,,
CIVICWELL,2,CIVICWELL,CIVICWELL (FORMERLY THE LOCAL GOVERNMENT COMMISSION),,,,,,
"CLAIREMONT LUTHERAN CHURCH, SAN DIEGO",2,CLAIREMONT LUTHERAN CHURCH,"CLAIREMONT LUTHERAN CHURCH, SAN DIEGO",,,,,,
CLINICA ROMERO,2,CLÃNICA MONSEÃ‘OR OSCAR A. ROMERO,CLINICA ROMERO,,,,,,
COACHELLA VALLEY REGIONAL HOUSING TRUST,2,COACHELLA VALLEY REGIONAL HOUSING TRUST,COACHELLA VALLEY REGIONAL HOUSING TRUST CORPORATION,,,,,,
COALITION OF CALIFORNIA WELFARE RIGHTS ORGANIZATIONS,2,COALITION OF CALIFORNIA WELFARE RIGHTS ORGANIZATIONS,"COALITION OF CALIFORNIA WELFARE RIGHTS ORGANIZATIONS, INC.",,,,,,
"COALITION ON HOMELESSNESS, SAN FRANCISCO",2,COALITION ON HOMELESSNESS SAN FRANCISCO,"COALITION ON HOMELESSNESS, SAN FRANCISCO",,,,,,
COALITION TO PRESERVE LA,2,COALITION TO PRESERVE L.A.,COALITION TO PRESERVE LA,,,,,,
COALITION TO SAVE OCEAN BEACH,2,COALITION TO SAVE OCEAN BEACH,COALITION TO SAVE OCEAN BEACH/FRIENDS OF SUTRO HEIGHTS PARK,,,,,,
COMMITTEE TO SAVE THE HOLLYWOODLAND SPECIFIC PLAN,2,COMMITEE TO SAVE THE HOLLYWOODLAND SPECIFIC PLAN,COMMITTEE TO SAVE THE HOLLYWOODLAND SPECIFIC PLAN,,,,,,
COMMUNITY ACTION TO FIGHT ASTHMA,2,COMMUNITY ACTION TO FIGHT ASTHMA,COMMUNITY ACTION TO FIGHT ASTHMA (OAKLAND),,,,,,
COMMUNITY ADVANCEMENT DEVELOPMENT CORPORATION,2,COMMUNITY ADVANCEMENT,COMMUNITY ADVANCEMENT DEVELOPMENT CORPORATION,,,,,,
COMMUNITY ASSOCIATIONS INSTITUTE,2,COMMUNITY ASSOCIATIONS INSTITUTE,COMMUNITY ASSOCIATIONS INSTITUTE - CALIFORNIA LEGISLATIVE ACTION COMMITTEE,,,,,,
COMMUNITY HOUSING IMPROVEMENT SYSTEMS AND PLANNING ASSOCIATION,2,COMMUNITY HOUSING IMPROVEMENT SYSTEMS AND PLANNING ASSOCIATION,"COMMUNITY HOUSING IMPROVEMENT SYSTEMS AND PLANNING ASSOCIATION, INC.",,,,,,
COMMUNITY HOUSING OPPORTUNITIES CORPORATION,2,COMMUNITY HOUSING OPPORTUNITIES CORP,COMMUNITY HOUSING OPPORTUNITIES CORPORATION,,,,,,
COMMUNITY HOUSINGWORKS,2,COMMUNITY HOUSING WORKS,COMMUNITY HOUSINGWORKS,,,,,,
COMMUNITY LAND TRUST ASSOCIATION,2,COMMUNITY LAND TRUST ASSOCIATION,COMMUNITY LAND TRUST ASSOCIATION OF WEST MARIN,,,,,,
COMMUNITY SOLUTIONS,2,COMMUNITY SOLUTIONS,"COMMUNITY SOLUTIONS FOR CHILDREN, FAMILIES AND INDIVIDUALS",,,,,,
COMSTOCK HILLS HOMEOWNERS ASSOCIATION,2,COMSTOCK HILLS HOMEOWNERS ASSOCIATION,COMSTOCKHILLS HOMEOWNERS ASSOCIATION,,,,,,
CONSTRUCTION EMPLOYERS ASSOCIATION,2,CONSTRUCTION EMPLOYERS ASSOCIATION,CONSTRUCTION EMPLOYERS' ASSOCIATION,,,,,,
COUNTRY MOBILE HOME PARK HOMEOWNERS ASSOCIATION,2,"COUNTRY MOBILE HOME HOMEOWNERS' ASSOCIATION, SANTA ROSA",COUNTRY MOBILE HOME PARK HOMEOWNERS ASSOCIATION,,,,,,
COUNTY OF CONTRA COSTA,2,CONTRA COSTA COUNTY,COUNTY OF CONTRA COSTA,,,,,,
COUNTY OF KERN,2,COUNTY OF KERN,KERN COUNTY,,,,,,
COUNTY OF LOS ANGELES,2,COUNTY OF LOS ANGELES,LOS ANGELES COUNTY,,,,,,
COUNTY OF MONO,2,COUNTY OF MONO,MONO; COUNTY OF,,,,,,
COUNTY OF MONTEREY,2,COUNTY OF MONTEREY,COUNTY OF MONTEREY (IF AMENDED),,,,,,
COUNTY OF SACRAMENTO,2,COUNTY OF SACRAMENTO,SACRAMENTO; COUNTY OF,,,,,,
COUNTY OF SAN DIEGO,2,COUNTY OF SAN DIEGO,THE COUNTY OF SAN DIEGO,,,,,,
COUNTY OF SAN DIEGO BOARD OF SUPERVISORS,2,SAN DIEGO COUNTY BOARD OF SUPERVISORS,"SAN DIEGO COUNTY BOARD OF SUPERVISORS, GREG COX, CHAIRMAN",,,,,,
COUNTY OF SAN MATEO,2,COUNTY OF SAN MATEO,SAN MATEO COUNTY,,,,,,
COUNTY OF SAN MATEO BOARD OF SUPERVISORS,2,COUNTY OF SAN MATEO BOARD OF SUPERVISORS,SAN MATEO COUNTY BOARD OF SUPERVISORS,,,,,,
COUNTY OF SANTA CLARA BOARD OF SUPERVISORS,2,"COUNTY OF SANTA CLARA, BOARD OF SUPERVISORS",SANTA CLARA COUNTY BOARD OF SUPERVISORS,,,,,,
DAVID & MARGARET YOUTH AND FAMILY SERVICES,2,DAVID & MARGARET YOUTH AND FAMILY SERVICES,"DAVID & MARGARET YOUTH AND FAMILY SERVICES, LA VERNE",,,,,,
DELTA 6,2,DELTA 6,DELTA 6 - EAST COUNTY MAYORS AND SUPERVISORS,,,,,,
DISABILITY RIGHTS EDUCATION AND DEFENSE FUND,2,DISABILITY RIGHTS EDUCATION & DEFENSE FUND,DISABILITY RIGHTS EDUCATION AND DEFENSE FUND,,,,,,
DISTRICT COUNCIL OF IRON WORKERS OF THE STATE OF CALIFORNIA AND VICINITY,2,DISTRICT COUNCIL OF IRON WORKERS OF THE STATE OF CALIFO,DISTRICT COUNCIL OF IRON WORKERS OF THE STATE OF CALIFORNIA AND VICINITY,,,,,,
EAST BAY DEVELOPMENTAL DISABILITIES LEGISLATIVE COALITION,2,EAST BAY DEVELOPMENTAL DISABILITIES LEGISLATIVE COALITION,EAST BAY DEVELOPMENTAL DISABILITIES LEGISLATIVE COALITION N,,,,,,
EAST BAY FOR EVERYONE,2,EAST BAY FOR EVERY ONE,EAST BAY FOR EVERYONE,,,,,,
EAST BAY RENTAL HOUSING ASSOCIATION,2,EAST BAY RENTAL HOUSING ASSOCIATION,EAST BAY RENTAL HOUSING ASSOCIATIONS,,,,,,
EDEN HOUSING,2,EDEN HOUSING,EDEN HOUSING (HAYWARD),,,,,,
EDUCATIONAL COMMUNITY FOR HOMEOWNERS,2,EDUCATIONAL COMMUNITY FOR HOMEOWNERS,EDUCATIONAL COMMUNITY FOR HOMEOWNERS (ECHO),,,,,,
EPISCOPAL COMMUNITIES AND SERVICES,2,EPISCOPAL COMMUNITIES & SERVICES,EPISCOPAL COMMUNITIES AND SERVICES,,,,,,
EPISCOPAL COMMUNITY SERVICES OF SAN FRANCISCO,2,EPISCOPAL COMMUNITY SERVICES OF SAN FRANCISCO,"EPISCOPAL COMMUNITY SERVICES, SAN FRANCISCO",,,,,,
EQUITY COMMUNITY BUILDERS,2,EQUITY COMMUNITY BUILDERS,EQUITY COMMUNITY BUILDERS (SAN FRANCISCO),,,,,,
"ERIC GARCETTI, MAYOR OF LOS ANGELES",2,"ERIC GARCETTI, MAYOR OF LOS ANGELES","ERIC GARCETTI, MAYOR, CITY OF LOS ANGELES",,,,,,
FACEBOOK,2,FACEBOOK,"FACEBOOK, INC.",,,,,,
FAIR HOUSING ADVOCATES OF NORTHERN CALIFORNIA,2,FAIR HOUSING ADVOCATES OF NORTHERN CALIFORNIA,FAIR HOUSING OF NORTHERN CALIFORNIA,,,,,,
FAITH IN THE VALLEY,2,FAITH IN THE VALLEY,"FAITH IN THE VALLEY, EAST PALO ALTO",,,,,,
FAMILY VIOLENCE LAW CENTER,2,FAMILY VIOLENCE LAW CENTER,"FAMILY VIOLENCE LAW CENTER, ALAMEDA COUNTY",,,,,,
FATHERS AND FAMILIES OF SAN JOAQUIN,2,FATHERS & FAMILIES OF SAN JOAQUIN,FATHERS AND FAMILIES OF SAN JOAQUIN,,,,,,
"FIELDSTEAD AND COMPANY, INC.",2,"FIELDSTEAD AND COMPANY, INC.",,,,,,,
FIRST TEE SILICON VALLEY,2,FIRST TEE OF SILICON VALLEY,FIRST TEE SILICON VALLEY,,,,,,
FOOTHILLS KITCHEN,2,FOOTHILLS KITCHEN,FOOTHILLS KITCHEN IN MONROVIA,,,,,,
FRIENDS COMMITTEE ON LEGISLATION,2,FRIENDS COMMITTEE ON LEGISLATION,FRIENDS COMMITTEE ON LEGISLATION OF CALIFORNIA,,,,,,
GENERAL ASSISTANCE ADVOCACY PROJECT,2,GENERAL ASSISTANCE ADVOCACY PROJECT,GENERAL ASSISTANCE ADVOCACY PROJECT (GAAP),,,,,,
GENERATION UP INC.,2,GENERATION UP INC.,GENUP,,,,,,
GLIDE FOUNDATION,2,GLIDE,GLIDE FOUNDATION,,,,,,
GOLD COUNTRY RETIREMENT COMMUNITY,2,GOLD COUNTRY RETIREMENT COMMUNITY,GOLD COUNTRY RETIREMENT COMMUNITY CENTER,,,,,,
GOLDEN STATE BUILDERS EXCHANGE,2,GOLDEN STATE BUILDERS EXCHANGE,GOLDEN STATE BUILDERS EXCHANGES,,,,,,
GOLDFARB & LIPMAN LLP,2,GOLDFARB & LIPMAN LLP,GOLDFARB LIPMAN ATTORNEYS,,,,,,
GOLF COURSE SUPERINTENDENTS ASSOCIATION OF NORTHERN CALIFORNIA,2,GOLF COURSE SUPERINTENDENTS ASSOCIATION OF NORTHERN CA,GOLF COURSE SUPERINTENDENTS ASSOCIATION OF NORTHERN CALIFORNIA,,,,,,
GOLF COURSE SUPERINTENDENTS ASSOCIATION OF SOUTHERN CALIFORNIA,2,GOLF COURSE SUPERINTENDENTS ASSOCIATION OF SOUTHERN CA,GOLF COURSE SUPERINTENDENTS ASSOCIATION OF SOUTHERN CALIFORNIA,,,,,,
GRAY PANTHERS,2,GRAY PANTHERS,GRAY PANTHERS OF SAN FRANCISCO,,,,,,
GREATER ANTELOPE VALLEY ASSOCIATION OF REALTORS,2,GREATER ANTELOPE VALLEY ASSN. OF REALTORS,GREATER ANTELOPE VALLEY ASSOCIATION OF REALTORS,,,,,,
GREENBELT ALLIANCE,2,GREENBELT ALLIANCE,GREENBELT ALLIANCE (SAN FRANCISCO),,,,,,
GREENLINING INSTITUTE,2,GREENLINING INSTITUTE,THE GREENLINING INSTITUTE,,,,,,
GREENSPACE - THE CAMBRIA LAND TRUST,2,GREENSPACE - THE CAMBRIA LAND TRUST,GREENSPACE- THE CAMBRIA LAND TRUST,,,,,,
HABITAT FOR HUMANITY GREATER LOS ANGELES,2,HABITAT FOR HUMANITY GREATER LOS ANGELES,HABITAT FOR HUMANITY OF GREATER LOS ANGELES,,,,,,
HABITAT FOR HUMANITY GREATER SAN FRANCISCO,2,HABITAT FOR HUMANITY GREATER SAN FRANCISCO,HABITAT FOR HUMANITY OF GREATER SAN FRANCISCO,,,,,,
HABITAT FOR HUMANITY OF ORANGE COUNTY,2,HABITAT FOR HUMANITY OF ORANGE COUNTY,HABITAT FOR HUMANITY OF ORANGE COUNTY INC.,,,,,,
HALF MOON BAY BREWING COMPANY,2,HALF MOON BAY BREWING CO.,HALF MOON BAY BREWING COMPANY,,,,,,
HEALTH NET,2,HEALTH NET,HEALTH NET AND ITS AFFILIATED COMPANIES,,,,,,
HIDDEN HILLS COMMUNITY ASSOCIATION,2,HIDDEN HILL COMMUNITY ASSOCIATION,HIDDEN HILLS COMMUNITY ASSOCIATION,,,,,,
HKS ARCHITECTS,2,HKS,HKS ARCHITECTS,,,,,,
HOLLYWOOD COMMUNITY HOUSING CORPORATION,2,HOLLYWOOD COMMUNITY HOUSING CORPORATION,HOLLYWOOD COMMUNITY HOUSING CORPORATION (LOS ANGELES),,,,,,
HOMERISE,2,HOMERISE,HOMERISE SAN FRANCISCO,,,,,,
HOUSE FARMWORKERS!,2,HOUSE FARM WORKERS!,HOUSE FARMWORKERS!,,,,,,
HOUSING ACTION COALITION,2,HOUSING ACTION COALITION,HOUSING ACTION COALITION (UNREG),,,,,,
HOUSING AUTHORITY OF THE CITY OF SAN BUENAVENTURA,2,HOUSING AUTHORITY OF THE CITY OF SAN BUENAVENTURA,"HOUSING AUTHORITY, CITY OF SAN BUENAVENTURA",,,,,,
HOUSING EQUALITY & ADVOCACY RESOURCE TEAM,2,HOUSING EQUALITY & ADVOCACY RESOURCE TEAM,HOUSING EQUALITY & ADVOCACY RESOURCE TEAM (HEART),,,,,,
HOWARD JARVIS TAXPAYERS ASSOCIATION,2,HOWARD JARVIS TAXPAYER ASSOCIATION,HOWARD JARVIS TAXPAYERS ASSOCIATION,,,,,,
HUNGER ACTION LOS ANGELES,2,HUNGER ACTION LOS ANGELES,HUNGER ACTION LOS ANGELES (HALA),,,,,,
ICON BUILDERS,2,ICON,ICON BUILDERS,,,,,,
INDEPENDENT ROOFING CONTRACTORS OF CALIFORNIA,2,INDEPENDENT ROOFING CONTRACTORS OF CALIFORNIA,"INDEPENDENT ROOFING CONTRACTORS OF CALIFORNIA, INC.",,,,,,
INLAND VALLEYS ASSOCIATION OF REALTORS,2,INLAND VALLEYS ASSOCIATION OF REALTORS,INLAND VALLEYS ASSOCIATION OF RELATORS,,,,,,
INSTITUTE OF REAL ESTATE MANAGEMENT,2,INSTITUTE OF REAL ESTATE MANAGEMENT,INSTITUTE OF REAL ESTATE MANAGEMENT (IREM),,,,,,
INTERNATIONAL UNION OF ELEVATOR CONSTRUCTORS,2,INTERNATIONAL ELEVATOR CONSTRUCTORS UNION,INTERNATIONAL UNION OF ELEVATOR CONSTRUCTORS,,,,,,
INTERNATIONAL UNION OF PAINTERS AND ALLIED TRADES DISTRICT COUNCIL 36 (LOS ANGELES),2,INTERNATIONAL UNION OF PAINTERS AND ALLIED TRADES DISTRICT COUNCIL 36 (LOS ANGELES),THE INTERNATIONAL UNION OF PAINTERS AND ALLIED TRADES DISTRICT COUNCIL 36 (LOS ANGELES),,,,,,
JERICHO: A VOICE FOR JUSTICE,2,"JERICHO, A VOICE FOR JUSTICE",JERICHO: A VOICE FOR JUSTICE,,,,,,
JEWISH PUBLIC AFFAIRS COMMITTEE,2,JEWISH PUBLIC AFFAIRS COMMITTEE,JEWISH PUBLIC AFFAIRS COMMITTEE OF CALIFORNIA,,,,,,
JUDICIAL COUNCIL,2,JUDICIAL COUNCIL,JUDICIAL COUNCIL (OPPOSE),,,,,,
JUDICIAL COUNCIL OF CALIFORNIA,2,JUDICIAL COUNCIL OF CALIFORNIA,JUDICIAL COUNCIL OF CALIFORNIA (OPPOSE),,,,,,
LABOR COMMUNITY STRATEGY CENTER,2,LABOR COMMUNITY STRATEGY CENTER,LABOR/COMMUNITY STRATEGY CENTER,,,,,,
LAND TRUST OF SANTA CRUZ COUNTY,2,LAND TRUST OF SANTA CRUZ COUNTY,THE LAND TRUST OF SANTA CRUZ COUNTY,,,,,,
LANDWATCH MONTEREY COUNTY,2,LANDWATCH,LANDWATCH MONTEREY COUNTY,,,,,,
LEGAL AID SOCIETY OF SAN MATEO COUNTY,2,LEGAL AID SAN MATEO,LEGAL AID SOCIETY OF SAN MATEO COUNTY,,,,,,
"LIFE SKILLS TRAINING AND EDUCATIONAL PROGRAMS, INC. (LIFESTEPS)",2,"LIFE SKILLS TRAINING AND EDUCATIONAL PROGRAMS, INC. (LIFESTEPS)","LIFE STEPS TRAINING AND EDUCATIONAL PROGRAMS, INC.",,,,,,
LONG BEACH RESIDENTS EMPOWERED - LIBRE,2,LONG BEACH RESIDENTS EMPOWERED,LONG BEACH RESIDENTS EMPOWERED - LIBRE,,,,,,
LOS ANGELES CHRISTIAN HEALTH CENTERS,2,LOS ANGELES CHRISTIAN HEALTH CENTER,LOS ANGELES CHRISTIAN HEALTH CENTERS,,,,,,
LOS ANGELES CONSERVATION CORPS,2,LOS ANGELES CONSERVATION CORPS,LOS ANGELES CONSERVATION CORPS.,,,,,,
LOS ANGELES HOMELESS SERVICES AUTHORITY,2,LOS ANGELES HOMELESS SERVICE...,LOS ANGELES HOMELESS SERVICES AUTHORITY,,,,,,
LOS ANGELES POVERTY DEPARTMENT,2,LOS ANGELES POVERTY DEPARTMENT,LOS ANGELES POVERTY DEPARTMENT (LAPD),,,,,,
LOS ANGELES REGIONAL REENTRY PARTNERSHIP,2,LOS ANGELES REGIONAL REENTRY PARTNERSHIP,LOS ANGELES REGIONAL REENTRY PARTNERSHIP (LARRP),,,,,,
LOS ANGELES UNIFIED SCHOOL DISTRICT,2,LOS ANGELES UNIFIED SCHOOL DISTRICT,LOS ANGELES UNIFIED SCHOOL DISTRICT BOARD OF EDUCATION,,,,,,
LOW INCOME INVESTMENT FUND,2,LOW INCOME INVESTMENT FUND,LOW INCOME INVESTMENT FUND (LOS ANGELES),,,,,,
MAKING HOUSING AND COMMUNITY HAPPEN,2,MAKING HOUSING AND COMMUNITY HAPPEN,"MAKING HOUSING AND COMMUNITY HAPPEN, SANTA MONICA",,,,,,
"MAYOR ERIC GARCETTI, CITY OF LOS ANGELES",2,MAYOR ERIC GARCETTI,"MAYOR ERIC GARCETTI, CITY OF LOS ANGELES",,,,,,
"MAYOR JOHN BAUTERS, CITY OF EMERYVILLE",2,MAYOR JOHN BAUTERS,"MAYOR JOHN BAUTERS, CITY OF EMERYVILLE",,,,,,
"MAYOR RICK BONILLA, CITY OF SAN MATEO",2,MAYOR RICK BONILLA,"MAYOR RICK BONILLA, CITY OF SAN MATEO",,,,,,
"MAYOR RON ROWLETT, CITY OF VACAVILLE",2,MAYOR RON ROWLETT,"MAYOR RON ROWLETT, CITY OF VACAVILLE",,,,,,
"MAYOR SAM LICCARDO, CITY OF SAN JOSE",2,"MAYOR SAM LICCARDO, CITY OF SAN JOSE","MAYOR SAM T. LICCARDO, CITY OF SAN JOSE",,,,,,
"MAYOR TOM BUTT, CITY OF RICHMOND",2,MAYOR TOM BUTT - CITY OF RICHMOND,"MAYOR TOM BUTT, CITY OF RICHMOND",,,,,,
MCKINSEY AND COMPANY,2,MCKINSEY & COMPANY,MCKINSEY AND COMPANY,,,,,,
MEDICAL ONCOLOGY ASSOCIATION OF SOUTHERN CALIFORNIA,2,MEDICAL ONCOLOGY ASSOCIATION OF SOUTHERN CA,MEDICAL ONCOLOGY ASSOCIATION OF SOUTHERN CALIFORNIA,,,,,,
MONUMENT IMPACT,2,MONUMENT IMPACT,"MONUMENT IMPACT, CONCORD",,,,,,
MT TAMALPAIS UNITED METHODIST CHURCH AND THE MARIN ORGANIZING COMMITTEE,2,MT TAMALPAIS UNITED METHODIST CHURCH AND THE MARIN ORGANIZING COMMITTEE,"MT. TAM UNITED METHODIST CHURCH AND MOC, WOODACRE",,,,,,
NAIOP OF CALIFORNIA,2,NAIOP OF CALIFORNIA,"NAIOP OF CALIFORNIA, THE COMMERCIAL REAL ESTATE DEVELOPMENT ASSOCIATION",,,,,,
NAPA VALLEY VINTNERS ASSOCIATION,2,NAPA VALLEY VINTNERS,NAPA VALLEY VINTNERS ASSOCIATION,,,,,,
"NATIONAL ALLIANCE ON MENTAL ILLNESS, CALIFORNIA",2,NATIONAL ALLIANCE ON MENTAL ILLNESS,"NATIONAL ALLIANCE ON MENTAL ILLNESS, CALIFORNIA",,,,,,
NATIONAL ASSOCIATION FOR THE EDUCATION OF HOMELESS CHILDREN AND YOUTH,2,NAEHCY,NATIONAL ASSOCIATION FOR THE EDUCATION OF HOMELESS CHILDREN AND YOUTH,,,,,,
NATIONAL ASSOCIATION OF HISPANIC REAL ESTATE PROFESSIONALS,2,NATIONAL ASSOCIATION OF HISPANIC REAL ESTATE PROFESSIONALS,NATIONAL ASSOCIATION OF HISPANIC REAL ESTATE PROS,,,,,,
NATIONAL COALITION FOR THE HOMELESS (NCH),2,NATIONAL COALITION FOR THE HOMELESS,NATIONAL COALITION FOR THE HOMELESS (NCH),,,,,,
NATIONAL COMMUNITY RENAISSANCE,2,NATIONAL COMMUNITY RENAISSANCE,NATIONAL COMMUNITY RENAISSANCE (RANCHO CUCAMONGA),,,,,,
NATIONAL COUNCIL OF JEWISH WOMEN - CALIFORNIA CHAPTER,2,NATIONAL COUNCIL OF JEWISH WOMEN - CALIFORNIA CHAPTER,NATIONAL COUNCIL OF JEWISH WOMEN LOS ANGELES,,,,,,
NATIONAL HOUSING LAW PROJECT (NHLP),2,NATIONAL HOUSING LAW PROJECT,NATIONAL HOUSING LAW PROJECT (NHLP),,,,,,
NATIONAL LAW CENTER ON HOMELESSNESS AND POVERTY,2,NATIONAL LAW CENTER ON HOMELESSNESS & POVERTY,NATIONAL LAW CENTER ON HOMELESSNESS AND POVERTY,,,,,,
NATIONAL MULTIPLE SCLEROSIS SOCIETY,2,NATIONAL MULTIPLE SCLEROSIS SOCIETY,NATIONAL MULTIPLE SCLEROSIS SOCIETY - CALIFORNIA ACTION NETWORK,,,,,,
NATURE CONSERVANCY,2,NATURE CONSERVANCY,THE NATURE CONSERVANCY,,,,,,
NEIGHBORHOOD LEGAL SERVICES OF LOS ANGELES,2,NEIGHBORHOOD LEGAL SERVICES OF LOS ANGELES,NEIGHBORHOOD LEGAL SERVICES OF LOS ANGELES COUNTY,,,,,,
NEVADA COUNTY CONTRACTORS ASSOCIATION,2,NEVADA COUNTY CONTRACTORS ASSOCIATION,NEVADA COUNTY CONTRACTORS' ASSOCIATION,,,,,,
NEXTGEN,2,NEXTGEN,NEXTGEN CALIFORNIA,,,,,,
NORTH ORANGE COUNTY CHAMBER OF COMMERCE,2,NORTH ORANGE COUNTY CHAMBER,NORTH ORANGE COUNTY CHAMBER OF COMMERCE,,,,,,
NORTHERN NEIGHBORS SF,2,NORTHERN NEIGHBORS,NORTHERN NEIGHBORS SF,,,,,,
OAKLAND METROPOLITAN CHAMBER OF COMMERCE,2,OAKLAND METROPOLITAN CHAMBER OF COMMERCE,,,,,,,
PACIFIC COMPANIES,2,"PACIFIC COMPANIES, THE",THE PACIFIC COMPANIES,,,,,,
PACIFIC HOUSING INC.,2,PACIFIC HOUSING,PACIFIC HOUSING INC.,,,,,,
"PARATRANSIT, INC.",2,PARATRANSIT INC. (SACRAMENTO),"PARATRANSIT, INC.",,,,,,
PATH,2,PATH,PATH (PEOPLE ASSISTING THE HOMELESS),,,,,,
PENINSULA OPEN SPACE TRUST,2,PENINSULA OPEN SPACE TRUST,PENINSULA OPENSPACETRUST,,,,,,
PICO CALIFORNIA,2,PICO,PICO CALIFORNIA,,,,,,
PLACER COUNTY CONTRACTORS ASSOCIATION,2,PLACER COUNTY CONTRACTORS ASSOCIATION,PLACER COUNTY CONTRACTORS' ASSOCIATION,,,,,,
PLUG-IN AMERICA,2,PLUG IN AMERICA,PLUG-IN AMERICA,,,,,,
PLUMBING-HEATING-COOLING CONTRACTORS ASSOCIATION OF CALIFORNIA,2,"PLUMBING, HEATING AND COOLING CONTRACTORS",PLUMBING-HEATING-COOLING CONTRACTORS ASSOCIATION OF CALIFORNIA,,,,,,
POLICY CLUB,2,POLICY CLUB,POLICY LINK,,,,,,
PRISON ACTIVIST RESOURCE CENTER (PARC),2,PRISON ACTIVIST RESOURCE CENTER,PRISON ACTIVIST RESOURCE CENTER (PARC),,,,,,
"PROTEUS, INC.",2,PROTEUS INC.,"PROTEUS, INC.",,,,,,
PUBLIC HEALTH INSTITUTE,2,PUBLIC HEALTH INSTITUTE,PUBLIC HEALTH INSTITUTE CENTER FOR CLIMATE CHANGE AND HEALTH,,,,,,
PUBLIC INTEREST LAW PROJECT,2,PUBLIC INTEREST LAW PROJECT,THE PUBLIC INTEREST LAW PROJECT,,,,,,
"RESIDENT OWNED PARKS, INC.",2,RESIDENT OWNED PARKS (ROP),"RESIDENT OWNED PARKS, INC.",,,,,,
ROOT AND REBOUND,2,ROOT & REBOUND,ROOT AND REBOUND,,,,,,
SACRAMENTO AREA COUNCIL OF GOVERNMENTS,2,SACRAMENTO AREA COUNCIL OF GOVERNMENTS,SACRAMENTO COUNCIL OF GOVERNMENTS,,,,,,
SACRAMENTO HOMELESS ORGANIZING COMMITTEE (SHOC),2,SACRAMENTO HOMELESS ORGANIZING COMMITTEE,SACRAMENTO HOMELESS ORGANIZING COMMITTEE (SHOC),,,,,,
SACRAMENTO HOUSING ALLIANCE,2,SACRAMENTO HOUSING ALLIANCE,SACRAMENTO HOUSING ALLIANCE/COALITION ON REGIONAL EQUITY,,,,,,
SACRAMENTO NEIGHBORHOOD HOUSING SERVICES,2,SACRAMENTO NEIGHBORHOOD HOUSING SERVICES,"SACRAMENTO NEIGHBORHOOD HOUSING SERVICES, INC DBA NEIGHBORWORKS HOMEOWNERSHIP CENTER SACRAMENTO REGION",,,,,,
SACRAMENTO REGIONAL BUILDERS EXCHANGE,2,SACRAMENTO REGIONAL BUILDERS EXCHANGE,SACRAMENTO REGIONAL BUILDERS EXCHANGE (SRBX),,,,,,
SACRAMENTO REGIONAL COALITION TO END HOMELESSNESS (SRCEH),2,SACRAMENTO REGIONAL COALITION TO END HOMELESSNESS,SACRAMENTO REGIONAL COALITION TO END HOMELESSNESS (SRCEH),,,,,,
SAFARI CLUB INTERNATIONAL,2,SAFARI CLUB INTERNATIONAL,SAFARI CLUB INTERNATIONAL FOUNDATION,,,,,,
SAFE ROUTES TO SCHOOL NATIONAL PARTNERSHIP,2,SAFE ROUTES TO SCHOOL NATIONAL PARTNERSHIP,SAFE ROUTES TO SCHOOLNATIONAL PARTNERSHIP,,,,,,
SALESFORCE,2,SALESFORCE,SALESFORCE.COM,,,,,,
SAN DIEGO GAS AND ELECTRIC,2,SAN DIEGO GAS & ELECTRIC,SAN DIEGO GAS AND ELECTRIC,,,,,,
SAN DIEGO HOUSING FEDERATION,2,SAN DIEGO HOUSING FEDERATION,SAN DIEGO HOUSING FEDERATION (SAN DIEGO),,,,,,
SAN DIEGO REGIONAL CHAMBER OF COMMERCE,2,SAN DIEGO REGIONAL CHAMBER,SAN DIEGO REGIONAL CHAMBER OF COMMERCE,,,,,,
"SAN DIEGO VOLUNTEER LAWYER PROGRAM, INC.",2,SAN DIEGO VOLUNTEER LAWYER PROGRAM INC.,"SAN DIEGO VOLUNTEER LAWYER PROGRAM, INC.",,,,,,
SAN FRANCISCO DISTRICT ATTORNEY,2,SAN FRANCISCO DISTRICT ATTORNEY,SAN FRANCISCO DISTRICT ATTORNEY'S OFFICE,,,,,,
SAN FRANCISCO FOUNDATION,2,SAN FRANCISCO FOUNDATION,THE SAN FRANCISCO FOUNDATION,,,,,,
SAN FRANCISCO HOUSING ACTION COALITION,2,SAN FRANCISCO HOUSING ACTION COALITION,SAN FRANCISCO HOUSING COALITION,,,,,,
SAN JOAQUIN VALLEY HOUSING COLLABORATIVE,2,SAN JOAQUIN VALLEY HOUSING COLLABORATIVE,THE SAN JOAQUIN VALLEY HOUSING COLLABORATIVE,,,,,,
SAN JOSE/SILICON VALLEY NAACP,2,SAN JOSE/SILICON VALLEY BRANCH OF THE NAACP,SAN JOSE/SILICON VALLEY NAACP,,,,,,
SAN LOUIS OBISPO MOBILEHOME RESIDENTS ASSISTANCE PANEL,2,SAN LOUIS OBISPO MOBILEHOME RESIDENTS ASSISTANCE PANEL,SAN LUIS OBISPO COUNTY MOBILEHOME RESIDENTS' ASSISTANCE PANEL,,,,,,
SAN LUIS OBISPO HOUSING TRUST FUND,2,SAN LUIS COUNTY AFFORDABLE HOUSING TRUST FUND,SAN LUIS OBISPO HOUSING TRUST FUND,,,,,,
SANTA MONICANS FOR RENTERS' RIGHTS,2,SANTA MONICANS FOR RENTER'S RIGHTS,SANTA MONICANS FOR RENTERS' RIGHTS,,,,,,
SIERRA HOMEOWNERS ASSOCIATION,2,SIERRA HOMEOWNERS ASSOCIATION,"SIERRA HOMEOWNERS ASSOCIATION, COTATI",,,,,,
SKID ROW HOUSING TRUST,2,SKID ROW HOUSING TRUST,SKID ROW HOUSING TRUST (LOS ANGELES),,,,,,
SMALL PROPERTY OWNERS OF SAN FRANCISCO,2,SMALL PROPERTY OWNERS OF SAN FRANCISCO,SMALL PROPERTY OWNERS OF SAN FRANCISCO INSTITUTE,,,,,,
STRATEGIC ACTIONS FOR A JUST ECONOMY,2,SAJE,STRATEGIC ACTIONS FOR A JUST ECONOMY,,,,,,
STREETS FOR PEOPLE,2,STREETS FOR PEOPLE,STREETS FOR PEOPLE BAY AREA,,,,,,
TENANTS TOGETHER,2,TENANTS TOGETHER,TENANTS TOGETHER (SAN FRANCISCO),,,,,,
TENEMOS QUE RECLAMAR Y UNIDOS SALVAR LA TIERRA - SOUTH LOS ANGELES,2,TENEMOS QUE RECLAMAR Y UNIDOS SALVAR LA TIERRA - SOUTH LOS ANGELES,TENEMOS QUE RECLAMAR Y UNIDOS SALVAR LA TIERRA (TRUST SOUTH LA),,,,,,
THOMAS SAFRAN & ASSOCIATES,2,THOMAS SAFRAN & ASSOCIATES,THOMAS SAFRAN & ASSOCIATES (LOS ANGELES),,,,,,
TREE PEOPLE,2,TREE PEOPLE,TREEPEOPLE,,,,,,
TRICO MOBILE ESTATES HOA,2,TRICO MOBILE ESTATES HOA,TRICO MOBILE ESTATES HOMEOWNERS ASSOCIATION,,,,,,
TRUST FOR PUBLIC LAND,2,THE TRUST FOR PUBLIC LAND,TRUST FOR PUBLIC LAND,,,,,,
UNION STATION HOMELESS SERVICES,2,UNION STATION HOMELESS SERVICE,UNION STATION HOMELESS SERVICES,,,,,,
UNITED COALITION EAST PREVENTION PROJECT (UCEPP),2,UNITED COALITION EAST PREVENTION PROJECT,UNITED COALITION EAST PREVENTION PROJECT (UCEPP),,,,,,
UNITED DOMESTIC WORKERS OF AMERICA - AFSCME LOCAL 3930/AFL-CIO,2,UNITED DOMESTIC WORKERS OF AMERICA,UNITED DOMESTIC WORKERS OF AMERICA - AFSCME LOCAL 3930/AFL-CIO,,,,,,
UNITED FARM WORKERS OF AMERICA,2,UNITED FARM WORKERS,UNITED FARM WORKERS OF AMERICA,,,,,,
"UNITED METHODIST CHURCH, LOS ANGELES",2,"THE UNITED METHODIST CHURCH, LOS ANGELES","UNITED METHODIST CHURCH, LOS ANGELES",,,,,,
UNITED NEIGHBORHOODS FOR LOS ANGELES (UN4LA),2,UNITED NEIGHBORHOODS FOR LOS ANGELES,UNITED NEIGHBORHOODS FOR LOS ANGELES (UN4LA),,,,,,
UNIVERSITY OF CALIFORNIA,2,UNIVERSITY OF CALIFORNIA,UNIVERSITY OF CALIFORNIA (UC),,,,,,
UNIVERSITY OF CALIFORNIA STUDENT ASSOCIATION,2,UC STUDENT ASSOCIATION,UNIVERSITY OF CALIFORNIA STUDENT ASSOCIATION,,,,,,
URBAN LEAGUE OF SAN DIEGO COUNTY,2,URBAN LEAGUE OF SAN DIEGO COUNTY,"URBAN LEAGUE, SAN DIEGO COUNTY",,,,,,
VENTURA COUNTY CLERGY AND LAITY UNITED FOR ECONOMIC JUSTICE,2,VENTURA COUNTY CLERGY AND LAITY UNITED FOR ECONOMIC JU...,VENTURA COUNTY CLERGY AND LAITY UNITED FOR ECONOMIC JUSTICE,,,,,,
VILLAGE FAMILY SERVICES,2,THE VILLAGE FAMILY SERVICES,VILLAGE FAMILY SERVICES,,,,,,
WOODCREST HOMEOWNERS ASSOCIATION (SANTA ROSA),2,WOODCREST HOMEOWNERS ASSOCIATION (SANTA ROSA),"WOODCREST MOBILE HOME PARK HOMEOWNERS' ASSOCIATION, SANTA ROSA",,,,,,
YOUNG WOMEN'S FREEDOM CENTER,2,THE YOUNG WOMEN'S FREEDOM CENTER,YOUNG WOMEN'S FREEDOM CENTER,,,,,,
